Code,Label,Year,Employee income earners (no.),Total employee income ($m),Median employee income ($),Mean employee income ($),Own unincorporated business income earners (no.),Total own unincorporated business income ($m),Median own unincorporated business income ($),Mean own unincorporated business income ($),Investment income earners (no.),Total investment income ($m),Median investment income ($),Mean investment income ($),Total income (excl. Government pensions and allowances) ($m),Median total income (excl. Government pensions and allowances) ($),Mean total income (excl. Government pensions and allowances) ($),Total income (excl. Government pensions and allowances) - gini coefficient,Total income (excl. Government pensions and allowances) - income share of top 1% of earners
20110,Alpine,2011.0,-,-,-,-,-,-,-,-,-,-,-,-,-,-,-,-,-
20110,Alpine,2016.0,5984,258.2,36999,43155,1763,25,7796,14197,5428,38,497,7005,316.5,36669,44247,0.468,6.2
20110,Alpine,2017.0,6047,268.1,38000,44344,1828,27.8,7194,15234,5367,39.6,472,7374,331.9,37350,45463,0.46,6
20110,Alpine,2018.0,6267,286.1,39038,45646,1844,28.7,7939,15569,5543,46.4,436,8366,358.2,38607,47467,0.466,6.5
20110,Alpine,2019.0,6264,298.1,41483,47593,1813,29.9,8997,16510,5595,46.2,353,8252,369.4,41286,49308,0.458,5.9
20110,Alpine,2020.0,6490,325.4,42526,50135,1903,27.6,7311,14522,5569,47.6,332,8546,392.6,41010,50698,0.472,6.3
20110,Alpine,2021.0,-,-,-,-,-,-,-,-,-,-,-,-,-,-,-,-,-
20110,Alpine,2022.0,-,-,-,-,-,-,-,-,-,-,-,-,-,-,-,-,-
20260,Ararat,2011.0,-,-,-,-,-,-,-,-,-,-,-,-,-,-,-,-,-
20260,Ararat,2016.0,5161,231.1,40508,44779,1206,18.4,6741,15256,4141,26.2,356,6333,270.3,39668,45459,0.451,5.3
20260,Ararat,2017.0,5212,239.7,41603,45995,1236,33.2,11514,26855,4036,29.3,357,7256,297.7,41614,49342,0.457,6.8
20260,Ararat,2018.0,5339,252.5,43589,47292,1270,29.7,10337,23358,4115,30.7,323,7464,307.7,43190,49515,0.454,6.2
20260,Ararat,2019.0,5241,264.4,45805,50456,1251,45.8,14454,36586,4142,29.1,244,7034,333.3,46574,54952,0.438,6.1
20260,Ararat,2020.0,5333,275.7,46711,51689,1292,41.6,11861,32222,4003,30.5,229,7631,341.3,46504,54969,0.461,6.6
20260,Ararat,2021.0,-,-,-,-,-,-,-,-,-,-,-,-,-,-,-,-,-
20260,Ararat,2022.0,-,-,-,-,-,-,-,-,-,-,-,-,-,-,-,-,-
20570,Ballarat,2011.0,-,-,-,-,-,-,-,-,-,-,-,-,-,-,-,-,-
20570,Ballarat,2016.0,49164,2506.2,44699,50975,6991,161.4,9090,23093,38269,324.1,189,8469,2933.5,44953,54393,0.454,8.4
20570,Ballarat,2017.0,50318,2652.8,46105,52722,7159,172,9874,24021,38443,326.6,177,8496,3093.3,45942,55631,0.452,7.8
20570,Ballarat,2018.0,51744,2828,48138,54654,7365,181.7,10085,24667,39208,354.4,167,9039,3329.9,47859,57871,0.453,8.4
20570,Ballarat,2019.0,53689,3029.3,49766,56423,7420,180.5,9159,24322,41520,377.7,133,9097,3513.5,49697,59380,0.447,7.5
20570,Ballarat,2020.0,55362,3252.3,51302,58747,7582,177.2,9000,23372,40660,379.4,101,9330,3721.7,50767,60953,0.449,7.5
20570,Ballarat,2021.0,-,-,-,-,-,-,-,-,-,-,-,-,-,-,-,-,-
20570,Ballarat,2022.0,-,-,-,-,-,-,-,-,-,-,-,-,-,-,-,-,-
20660,Banyule,2011.0,-,-,-,-,-,-,-,-,-,-,-,-,-,-,-,-,-
20660,Banyule,2016.0,65521,4144.2,52743,63250,9336,244.9,10990,26235,56792,585.6,455,10310,4786,51515,65721,0.472,8.5
20660,Banyule,2017.0,65900,4335.7,54559,65791,9598,254.7,10669,26536,56897,591.3,414,10392,4992,52841,67431,0.488,8.9
20660,Banyule,2018.0,67283,4600.6,56342,68377,9811,268.4,11397,27359,58158,677.3,386,11646,5372,54519,70497,0.479,9.4
20660,Banyule,2019.0,68149,4824.1,58837,70787,10009,276.7,11124,27647,59507,713.4,342,11989,5650.2,56692,73199,0.478,9.4
20660,Banyule,2020.0,68156,5012.9,61256,73550,10059,284.1,10546,28245,57776,646.7,290,11193,5717.3,58553,74315,0.473,8.4
20660,Banyule,2021.0,-,-,-,-,-,-,-,-,-,-,-,-,-,-,-,-,-
20660,Banyule,2022.0,-,-,-,-,-,-,-,-,-,-,-,-,-,-,-,-,-
20740,Bass Coast,2011.0,-,-,-,-,-,-,-,-,-,-,-,-,-,-,-,-,-
20740,Bass Coast,2016.0,13569,599,37048,44147,3916,75.4,13712,19254,12163,96.4,387,7923,756.7,35998,44549,0.475,6.5
20740,Bass Coast,2017.0,14037,637,37826,45380,4009,78.8,13090,19649,12558,98.1,384,7812,807,36330,45350,0.475,6.3
20740,Bass Coast,2018.0,14667,691.2,39115,47123,4122,84.6,13440,20535,13076,111.8,359,8551,875.5,37559,46996,0.482,6.6
20740,Bass Coast,2019.0,15096,731.1,40611,48430,4139,82.4,13203,19918,13662,125.2,299,9167,934.2,39131,48895,0.478,7.1
20740,Bass Coast,2020.0,16051,819.3,42814,51046,4440,95.2,13534,21430,14060,128.6,243,9150,1026.6,40532,50491,0.478,6.9
20740,Bass Coast,2021.0,-,-,-,-,-,-,-,-,-,-,-,-,-,-,-,-,-
20740,Bass Coast,2022.0,-,-,-,-,-,-,-,-,-,-,-,-,-,-,-,-,-
20830,Baw Baw,2011.0,-,-,-,-,-,-,-,-,-,-,-,-,-,-,-,-,-
20830,Baw Baw,2016.0,22872,1178.3,43928,51517,5934,91.3,8703,15383,18824,138.6,263,7360,1374.1,41961,51058,0.467,6.2
20830,Baw Baw,2017.0,23683,1245.3,44741,52582,6102,95.5,7773,15658,19447,149.1,235,7666,1464.7,42534,52210,0.468,6.5
20830,Baw Baw,2018.0,24564,1345.6,46642,54779,6102,100.7,8247,16506,20105,158.7,226,7894,1566.2,44473,53914,0.463,6
20830,Baw Baw,2019.0,25470,1437.9,49014,56456,5947,97.8,7638,16452,21036,176.5,175,8388,1678.9,46739,56057,0.456,6
20830,Baw Baw,2020.0,26816,1563.8,50344,58316,6136,113.1,9041,18429,20817,180.3,131,8663,1809.5,48180,57988,0.456,6.3
20830,Baw Baw,2021.0,-,-,-,-,-,-,-,-,-,-,-,-,-,-,-,-,-
20830,Baw Baw,2022.0,-,-,-,-,-,-,-,-,-,-,-,-,-,-,-,-,-
20910,Bayside (Vic.),2011.0,-,-,-,-,-,-,-,-,-,-,-,-,-,-,-,-,-
20910,Bayside (Vic.),2016.0,50393,4522.7,56121,89749,9019,427,13459,47345,53295,1461.7,1951,27426,6231.1,58909,99195,0.581,14.1
20910,Bayside (Vic.),2017.0,51168,4715.4,58166,92155,9081,443.9,13967,48882,53756,1461.6,1917,27189,6476.3,59884,100811,0.578,13.4
20910,Bayside (Vic.),2018.0,51841,4948.5,59939,95455,9109,453.2,14103,49748,54789,1650.7,1826,30129,6928.8,61075,105628,0.59,15.2
20910,Bayside (Vic.),2019.0,52627,5115.5,61601,97204,9281,453.8,13949,48895,55237,1728.6,1802,31294,7118.6,63649,107774,0.584,15
20910,Bayside (Vic.),2020.0,52583,5274.9,64379,100316,9230,469.3,13827,50850,54536,1702.8,1629,31223,7212.6,64459,109004,0.584,15.2
20910,Bayside (Vic.),2021.0,-,-,-,-,-,-,-,-,-,-,-,-,-,-,-,-,-
20910,Bayside (Vic.),2022.0,-,-,-,-,-,-,-,-,-,-,-,-,-,-,-,-,-
21010,Benalla,2011.0,-,-,-,-,-,-,-,-,-,-,-,-,-,-,-,-,-
21010,Benalla,2016.0,6207,284.8,41197,45877,1776,22.9,5818,12900,5467,37.8,343,6917,338.2,38821,45470,0.469,6.1
21010,Benalla,2017.0,6154,293.3,42775,47668,1759,21.8,5877,12377,5414,38.1,308,7038,349.7,39583,46435,0.465,5.7
21010,Benalla,2018.0,6303,308.4,44547,48933,1764,22.2,6000,12604,5445,41.6,310,7648,366.4,41382,47751,0.462,5.8
21010,Benalla,2019.0,6387,322.7,46166,50529,1722,18.4,4845,10685,5534,46.1,297,8338,382.8,42624,49438,0.463,5.8
21010,Benalla,2020.0,6554,351.1,48364,53564,1788,17.2,5842,9640,5401,46.2,236,8563,406.4,43992,51046,0.475,6.2
21010,Benalla,2021.0,-,-,-,-,-,-,-,-,-,-,-,-,-,-,-,-,-
21010,Benalla,2022.0,-,-,-,-,-,-,-,-,-,-,-,-,-,-,-,-,-
21110,Boroondara,2011.0,-,-,-,-,-,-,-,-,-,-,-,-,-,-,-,-,-
21110,Boroondara,2016.0,90644,7394.5,54004,81577,15631,1010.2,13633,64630,94482,2362.3,1682,25002,10526.2,57306,95770,0.584,14.3
21110,Boroondara,2017.0,91374,7624.5,55127,83443,15814,1024.9,13867,64812,95375,2355.8,1527,24701,10839.2,57294,96343,0.587,14.3
21110,Boroondara,2018.0,92496,7928.8,57403,85720,15932,1061.4,14237,66618,97694,2516.4,1412,25758,11246.7,58284,97424,0.587,14.1
21110,Boroondara,2019.0,93533,8193.5,59221,87600,16056,1060.1,14422,66024,99213,2635.4,1306,26563,11647.9,60576,100250,0.585,13.9
21110,Boroondara,2020.0,92859,8392.8,61699,90383,15995,1058,13442,66148,97601,2469.5,1218,25302,11716.1,60701,100845,0.589,14.5
21110,Boroondara,2021.0,-,-,-,-,-,-,-,-,-,-,-,-,-,-,-,-,-
21110,Boroondara,2022.0,-,-,-,-,-,-,-,-,-,-,-,-,-,-,-,-,-
21180,Brimbank,2011.0,-,-,-,-,-,-,-,-,-,-,-,-,-,-,-,-,-
21180,Brimbank,2016.0,94621,4574.5,43917,48346,13040,242.6,13427,18606,61923,223,146,3600,4841.2,42978,48627,0.411,5.1
21180,Brimbank,2017.0,96316,4747.1,44455,49287,13760,254,13122,18458,61671,228.8,130,3710,5044.5,43443,49647,0.414,5.2
21180,Brimbank,2018.0,98295,5027.6,45881,51148,14356,269.9,13600,18803,62969,245.5,110,3898,5346,44657,51044,0.418,5.3
21180,Brimbank,2019.0,100245,5251.6,47372,52388,15165,292.2,13860,19268,66658,268.8,79,4033,5593.3,45981,52271,0.415,5.1
21180,Brimbank,2020.0,99610,5377.3,48382,53983,15064,280,12933,18589,63704,266.4,56,4182,5672.6,46673,53414,0.419,5.2
21180,Brimbank,2021.0,-,-,-,-,-,-,-,-,-,-,-,-,-,-,-,-,-
21180,Brimbank,2022.0,-,-,-,-,-,-,-,-,-,-,-,-,-,-,-,-,-
21270,Buloke,2011.0,-,-,-,-,-,-,-,-,-,-,-,-,-,-,-,-,-
21270,Buloke,2016.0,2557,99.9,33757,39082,1123,-0.4,520,-351,2699,19.3,724,7149,116.2,28980,34346,0.639,7
21270,Buloke,2017.0,2617,106,35089,40495,1209,37.3,14527,30886,2649,17.4,595,6585,157.4,36990,45756,0.495,6.4
21270,Buloke,2018.0,2658,113,36871,42503,1247,49.7,20000,39891,2651,17.4,592,6548,173.8,40377,50286,0.501,6.7
21270,Buloke,2019.0,2519,110.6,39731,43910,1089,29,11016,26604,2503,17.4,514,6938,154,40287,47275,0.518,6.7
21270,Buloke,2020.0,2697,124.4,40576,46127,1216,50.3,22100,41401,2532,16.7,417,6602,186.1,43642,53706,0.488,6.2
21270,Buloke,2021.0,-,-,-,-,-,-,-,-,-,-,-,-,-,-,-,-,-
21270,Buloke,2022.0,-,-,-,-,-,-,-,-,-,-,-,-,-,-,-,-,-
21370,Campaspe,2011.0,-,-,-,-,-,-,-,-,-,-,-,-,-,-,-,-,-
21370,Campaspe,2016.0,17830,816.1,41568,45772,4592,51.2,5428,11144,14696,106.5,306,7248,946.2,39782,45443,0.471,6.1
21370,Campaspe,2017.0,17866,842.4,42875,47152,4591,53.8,5614,11709,14576,107.1,255,7346,985.5,41043,46790,0.464,5.9
21370,Campaspe,2018.0,18238,890.1,44354,48804,4580,83.6,9227,18247,14692,112.1,236,7628,1058.7,43348,49521,0.449,5.8
21370,Campaspe,2019.0,18447,916.3,45379,49672,4255,68.2,8747,16018,14817,118.4,194,7990,1079.5,44329,50451,0.453,6.1
21370,Campaspe,2020.0,18685,970.5,47020,51938,4458,71,8137,15919,14496,117.2,166,8088,1125.8,45203,51625,0.458,6.1
21370,Campaspe,2021.0,-,-,-,-,-,-,-,-,-,-,-,-,-,-,-,-,-
21370,Campaspe,2022.0,-,-,-,-,-,-,-,-,-,-,-,-,-,-,-,-,-
21450,Cardinia,2011.0,-,-,-,-,-,-,-,-,-,-,-,-,-,-,-,-,-
21450,Cardinia,2016.0,48936,2565.6,46938,52427,7940,157.7,11350,19864,34213,215.1,97,6287,2825.5,47316,54332,0.413,6.1
21450,Cardinia,2017.0,51758,2772.2,48044,53561,8388,170.9,11456,20377,35521,223,87,6277,3055.5,48261,55385,0.413,5.8
21450,Cardinia,2018.0,54690,3053.4,49908,55831,8718,173.5,11307,19898,37116,252.4,81,6799,3359.6,49998,57426,0.414,6
21450,Cardinia,2019.0,57367,3312.1,52006,57735,8911,176.3,10683,19785,39717,270.1,62,6801,3638,52068,59262,0.407,5.6
21450,Cardinia,2020.0,60238,3583.7,53106,59493,9377,175,10190,18663,39169,264.7,41,6758,3881.2,52595,60257,0.412,5.6
21450,Cardinia,2021.0,-,-,-,-,-,-,-,-,-,-,-,-,-,-,-,-,-
21450,Cardinia,2022.0,-,-,-,-,-,-,-,-,-,-,-,-,-,-,-,-,-
21610,Casey,2011.0,-,-,-,-,-,-,-,-,-,-,-,-,-,-,-,-,-
21610,Casey,2016.0,152575,7939.3,47492,52035,22666,458.2,13543,20215,102866,468.1,79,4550,8572.5,46719,52989,0.403,5.7
21610,Casey,2017.0,159760,8486.9,48397,53123,24624,523.1,13579,21242,105626,490.5,69,4644,9222.3,47535,54054,0.405,5.8
21610,Casey,2018.0,167353,9194,49964,54937,26185,548,14373,20930,109464,525.6,57,4801,10016.2,48849,55672,0.406,6
21610,Casey,2019.0,175698,9951,51479,56637,28075,590.4,14365,21030,117793,540.4,43,4588,10778.4,50318,56927,0.401,5.4
21610,Casey,2020.0,181814,10594.5,52717,58271,29333,591.5,13417,20166,116060,570.7,28,4917,11404.2,51167,58172,0.404,5.5
21610,Casey,2021.0,-,-,-,-,-,-,-,-,-,-,-,-,-,-,-,-,-
21610,Casey,2022.0,-,-,-,-,-,-,-,-,-,-,-,-,-,-,-,-,-
21670,Central Goldfields,2011.0,-,-,-,-,-,-,-,-,-,-,-,-,-,-,-,-,-
21670,Central Goldfields,2016.0,4875,197.3,37347,40480,1033,12.5,6706,12112,3911,19,230,4869,224.4,35144,40020,0.464,6.5
21670,Central Goldfields,2017.0,4923,206.1,38557,41855,1034,16.5,8239,15977,3848,18.6,201,4825,238,36418,42017,0.451,5.7
21670,Central Goldfields,2018.0,5038,220.8,40617,43830,1086,18.8,8450,17348,3855,19.7,185,5121,255,38497,43669,0.445,5.8
21670,Central Goldfields,2019.0,5069,229.9,41910,45360,1003,19.1,9887,19038,3866,19.3,159,4987,263.3,39934,45412,0.442,5.5
21670,Central Goldfields,2020.0,5099,243.3,43801,47723,1053,16.1,8084,15245,3679,18.1,142,4908,271.8,40585,46066,0.454,5.5
21670,Central Goldfields,2021.0,-,-,-,-,-,-,-,-,-,-,-,-,-,-,-,-,-
21670,Central Goldfields,2022.0,-,-,-,-,-,-,-,-,-,-,-,-,-,-,-,-,-
21750,Colac Otway,2011.0,-,-,-,-,-,-,-,-,-,-,-,-,-,-,-,-,-
21750,Colac Otway,2016.0,10457,462.3,40309,44206,2785,42.9,6983,15407,8779,72.8,319,8295,567.2,39721,45677,0.46,6.8
21750,Colac Otway,2017.0,10678,486.1,41124,45524,2830,44.6,7348,15775,8796,71.4,301,8116,594.6,40666,46837,0.454,6.7
21750,Colac Otway,2018.0,10943,517.5,43166,47290,2824,46.8,7057,16573,8738,80.9,318,9259,632.1,42658,48573,0.451,6.4
21750,Colac Otway,2019.0,11320,547.9,44274,48405,2766,46.2,7785,16690,9056,84.6,257,9338,660.3,44315,50185,0.445,6.2
21750,Colac Otway,2020.0,11329,571.3,45992,50431,2895,51.3,7491,17720,8859,78.1,208,8814,681.7,44863,51249,0.45,6.2
21750,Colac Otway,2021.0,-,-,-,-,-,-,-,-,-,-,-,-,-,-,-,-,-
21750,Colac Otway,2022.0,-,-,-,-,-,-,-,-,-,-,-,-,-,-,-,-,-
21830,Corangamite,2011.0,-,-,-,-,-,-,-,-,-,-,-,-,-,-,-,-,-
21830,Corangamite,2016.0,6918,302.3,38374,43703,3128,56.7,11768,18126,6792,51.4,476,7560,401,37852,44116,0.498,5.8
21830,Corangamite,2017.0,6972,311.5,39085,44684,3113,60.5,12914,19424,6819,51.8,422,7598,416.8,37867,45049,0.498,6.4
21830,Corangamite,2018.0,7227,330.4,40141,45712,3062,58.2,12429,18998,6688,55,356,8225,432.1,39678,46348,0.491,6.2
21830,Corangamite,2019.0,7077,336.4,42578,47530,2741,68.7,13001,25069,6463,58,250,8971,453,43281,51000,0.472,6.9
21830,Corangamite,2020.0,7460,374.6,45175,50210,3029,98.4,15647,32499,6577,58.5,249,8892,516.9,45675,54518,0.495,7.7
21830,Corangamite,2021.0,-,-,-,-,-,-,-,-,-,-,-,-,-,-,-,-,-
21830,Corangamite,2022.0,-,-,-,-,-,-,-,-,-,-,-,-,-,-,-,-,-
21890,Darebin,2011.0,-,-,-,-,-,-,-,-,-,-,-,-,-,-,-,-,-
21890,Darebin,2016.0,79100,4532.1,48779,57296,12564,267.8,10224,21314,60157,380.8,255,6331,4874.5,48679,59598,0.446,6.8
21890,Darebin,2017.0,81470,4827.2,50035,59251,13427,289,9962,21524,60887,394.7,224,6482,5215.2,49829,61293,0.448,6.6
21890,Darebin,2018.0,84039,5179.7,51847,61634,14197,304.9,9675,21473,62950,431.9,196,6861,5612.7,51258,63526,0.449,6.9
21890,Darebin,2019.0,86349,5567,54278,64471,14837,334.6,10218,22550,66154,465.8,163,7041,6034.6,53719,66445,0.449,7.2
21890,Darebin,2020.0,86313,5851,56652,67788,14785,336.7,9609,22770,64066,444.5,138,6938,6279.1,55636,69269,0.449,7.1
21890,Darebin,2021.0,-,-,-,-,-,-,-,-,-,-,-,-,-,-,-,-,-
21890,Darebin,2022.0,-,-,-,-,-,-,-,-,-,-,-,-,-,-,-,-,-
22110,East Gippsland,2011.0,-,-,-,-,-,-,-,-,-,-,-,-,-,-,-,-,-
22110,East Gippsland,2016.0,19127,846.3,37835,44248,5325,90.6,8813,17008,16617,121,374,7284,1038.3,37018,44876,0.476,6.9
22110,East Gippsland,2017.0,19190,863.7,38908,45010,5349,100.2,9911,18737,16710,119.4,370,7143,1081.4,37743,45753,0.473,7.2
22110,East Gippsland,2018.0,19790,919.1,40208,46444,5349,84.8,8730,15851,16699,125.9,350,7541,1111.7,38352,45839,0.475,6.5
22110,East Gippsland,2019.0,20102,970.6,42079,48284,5106,66.4,7511,13001,16841,134.1,282,7961,1161.1,40028,47619,0.479,6.6
22110,East Gippsland,2020.0,20891,1058.2,43752,50654,5370,79.1,7902,14734,16686,134.8,252,8077,1249.4,41133,49479,0.479,6.7
22110,East Gippsland,2021.0,-,-,-,-,-,-,-,-,-,-,-,-,-,-,-,-,-
22110,East Gippsland,2022.0,-,-,-,-,-,-,-,-,-,-,-,-,-,-,-,-,-
22170,Frankston,2011.0,-,-,-,-,-,-,-,-,-,-,-,-,-,-,-,-,-
22170,Frankston,2016.0,71105,3785.9,47678,53244,9227,195.8,13766,21218,49711,244.7,116,4922,4042.9,47260,53979,0.41,5.6
22170,Frankston,2017.0,71816,3932.6,49208,54759,9468,204.5,13150,21600,49161,251.9,105,5125,4218.3,48613,55453,0.409,5.4
22170,Frankston,2018.0,73159,4185.8,50950,57215,9658,216.8,13834,22451,50394,275.5,95,5466,4506.3,50037,57423,0.415,5.8
22170,Frankston,2019.0,74200,4386.2,52901,59113,9897,221.2,12526,22354,52237,290.4,78,5559,4726,52003,59308,0.408,5.3
22170,Frankston,2020.0,74223,4550.8,54633,61312,9862,224.6,12766,22771,49751,271.5,58,5457,4837.5,52932,60839,0.411,5.4
22170,Frankston,2021.0,-,-,-,-,-,-,-,-,-,-,-,-,-,-,-,-,-
22170,Frankston,2022.0,-,-,-,-,-,-,-,-,-,-,-,-,-,-,-,-,-
22250,Gannawarra,2011.0,-,-,-,-,-,-,-,-,-,-,-,-,-,-,-,-,-
22250,Gannawarra,2016.0,4449,182.7,37360,41069,1676,15.7,5612,9350,4274,33.7,585,7880,226.2,35804,40388,0.518,6.4
22250,Gannawarra,2017.0,4469,187,38740,41837,1713,19.7,5742,11519,4223,31.4,580,7446,230.5,36650,40953,0.504,6
22250,Gannawarra,2018.0,4557,199.4,40070,43751,1676,34.4,10580,20537,4157,37.2,427,8960,263.4,39492,46301,0.497,7.6
22250,Gannawarra,2019.0,4392,197.6,41979,45001,1446,29.3,9694,20297,4011,35.7,347,8908,256.5,40999,46918,0.499,7
22250,Gannawarra,2020.0,4537,214.3,43187,47237,1541,30.6,10000,19879,3943,35.5,311,8996,270.5,42157,48255,0.484,6.4
22250,Gannawarra,2021.0,-,-,-,-,-,-,-,-,-,-,-,-,-,-,-,-,-
22250,Gannawarra,2022.0,-,-,-,-,-,-,-,-,-,-,-,-,-,-,-,-,-
22310,Glen Eira,2011.0,-,-,-,-,-,-,-,-,-,-,-,-,-,-,-,-,-
22310,Glen Eira,2016.0,76627,5152.6,52000,67242,12531,421.4,13000,33626,70240,1087.2,709,15478,6393.2,53099,73518,0.504,9.7
22310,Glen Eira,2017.0,78346,5398.8,53000,68909,12975,437.2,12406,33693,70771,1117.5,650,15791,6716.7,54054,75187,0.507,10.1
22310,Glen Eira,2018.0,80776,5743.1,54546,71099,13426,441.1,12294,32853,72679,1165.9,566,16042,7089.2,55256,76641,0.508,9.8
22310,Glen Eira,2019.0,83132,6130.4,56429,73742,13995,469.4,11714,33541,75120,1215.7,480,16184,7514.9,57375,79615,0.507,10.1
22310,Glen Eira,2020.0,84016,6424.3,59228,76465,14085,474.3,11880,33672,73879,1133.1,427,15338,7755.2,59170,81355,0.503,9.8
22310,Glen Eira,2021.0,-,-,-,-,-,-,-,-,-,-,-,-,-,-,-,-,-
22310,Glen Eira,2022.0,-,-,-,-,-,-,-,-,-,-,-,-,-,-,-,-,-
22410,Glenelg,2011.0,-,-,-,-,-,-,-,-,-,-,-,-,-,-,-,-,-
22410,Glenelg,2016.0,9359,461.6,41286,49324,2470,56.1,10409,22701,7381,44.4,327,6014,546,42409,51827,0.459,5.8
22410,Glenelg,2017.0,9298,470,43043,50549,2503,63.2,11031,25242,7387,42.5,288,5755,562.2,43360,52768,0.457,6
22410,Glenelg,2018.0,9507,495.3,44957,52096,2443,58.2,10548,23817,7438,44.6,271,6001,583.8,44647,53522,0.453,5.6
22410,Glenelg,2019.0,9563,519.2,47245,54296,2338,51.6,10347,22062,7550,51.4,211,6807,605.4,46683,55392,0.452,5.6
22410,Glenelg,2020.0,9622,531,48634,55185,2433,52.4,9736,21521,7261,51.1,176,7044,617.9,46580,55509,0.469,6.4
22410,Glenelg,2021.0,-,-,-,-,-,-,-,-,-,-,-,-,-,-,-,-,-
22410,Glenelg,2022.0,-,-,-,-,-,-,-,-,-,-,-,-,-,-,-,-,-
22490,Golden Plains,2011.0,-,-,-,-,-,-,-,-,-,-,-,-,-,-,-,-,-
22490,Golden Plains,2016.0,10815,573.7,46592,53051,2149,31.5,6994,14639,8001,49.3,170,6158,643,45217,52940,0.438,6
22490,Golden Plains,2017.0,11295,616.7,48413,54600,2280,41.1,8397,18027,8332,53.6,147,6434,700.9,47096,54849,0.436,5.9
22490,Golden Plains,2018.0,11685,661.7,50000,56629,2326,47,9888,20228,8594,64,147,7444,757.4,48650,56876,0.436,6.3
22490,Golden Plains,2019.0,11958,703.9,52190,58865,2273,51,10202,22440,9066,69.2,115,7636,808.2,51443,59789,0.429,6.2
22490,Golden Plains,2020.0,12466,756.3,53822,60672,2343,47,9017,20069,9007,75,91,8326,856,52636,61345,0.434,6.3
22490,Golden Plains,2021.0,-,-,-,-,-,-,-,-,-,-,-,-,-,-,-,-,-
22490,Golden Plains,2022.0,-,-,-,-,-,-,-,-,-,-,-,-,-,-,-,-,-
22620,Greater Bendigo,2011.0,-,-,-,-,-,-,-,-,-,-,-,-,-,-,-,-,-
22620,Greater Bendigo,2016.0,53366,2662.9,44554,49898,7934,148.2,8549,18676,41622,326.3,231,7839,3081.4,44261,51879,0.442,6.6
22620,Greater Bendigo,2017.0,54843,2807.2,45515,51186,8093,168,9911,20755,41913,324.3,202,7738,3243.5,45060,52919,0.44,6.4
22620,Greater Bendigo,2018.0,56447,3004.4,47500,53226,8115,187.1,10605,23053,42709,346.4,196,8110,3473.4,47061,55041,0.436,6.4
22620,Greater Bendigo,2019.0,57628,3189.1,49695,55340,7936,186,10633,23441,44572,376.8,160,8454,3695.6,49246,57341,0.434,6.6
22620,Greater Bendigo,2020.0,59292,3423.6,51481,57741,8209,187.1,9831,22796,43773,196.5,137,4489,3716.5,50380,55941,0.515,6.7
22620,Greater Bendigo,2021.0,-,-,-,-,-,-,-,-,-,-,-,-,-,-,-,-,-
22620,Greater Bendigo,2022.0,-,-,-,-,-,-,-,-,-,-,-,-,-,-,-,-,-
22670,Greater Dandenong,2011.0,-,-,-,-,-,-,-,-,-,-,-,-,-,-,-,-,-
22670,Greater Dandenong,2016.0,70093,3111.1,41022,44385,12005,214.8,14624,17889,45654,140.8,130,3084,3333.1,39845,44286,0.411,5.1
22670,Greater Dandenong,2017.0,72614,3280.2,41558,45174,13025,243.4,14853,18684,45885,156.3,105,3407,3554.4,40267,45221,0.412,5.4
22670,Greater Dandenong,2018.0,75680,3546.7,42834,46864,13759,262.4,14720,19073,47286,163.8,90,3465,3869.5,41408,46935,0.419,6
22670,Greater Dandenong,2019.0,78728,3771.6,43986,47907,14583,281.5,14442,19304,51234,173,59,3377,4098.1,42713,47898,0.411,5.4
22670,Greater Dandenong,2020.0,79884,3930.5,44670,49203,14576,274,13714,18797,49398,183.8,39,3722,4230,43220,49072,0.416,5.6
22670,Greater Dandenong,2021.0,-,-,-,-,-,-,-,-,-,-,-,-,-,-,-,-,-
22670,Greater Dandenong,2022.0,-,-,-,-,-,-,-,-,-,-,-,-,-,-,-,-,-
22750,Greater Geelong,2011.0,-,-,-,-,-,-,-,-,-,-,-,-,-,-,-,-,-
22750,Greater Geelong,2016.0,114675,6128.8,45256,53445,16024,361.4,11038,22554,89123,806.6,252,9051,7139.3,45141,55829,0.459,7.6
22750,Greater Geelong,2017.0,119610,6593.7,46670,55127,16844,402.8,11214,23915,91224,851.2,224,9330,7701.6,46551,57630,0.459,7.8
22750,Greater Geelong,2018.0,123645,7063.6,48628,57128,17677,438.2,11372,24791,94730,907.2,210,9576,8243.5,48258,59313,0.456,7.6
22750,Greater Geelong,2019.0,128454,7601.8,50673,59180,18423,465.6,11825,25273,100725,975.1,169,9681,8875.6,50385,61557,0.451,7.5
22750,Greater Geelong,2020.0,133179,8115.7,52125,60938,19496,476.2,11255,24423,100555,939.8,130,9346,9307.1,51228,62334,0.45,7.1
22750,Greater Geelong,2021.0,-,-,-,-,-,-,-,-,-,-,-,-,-,-,-,-,-
22750,Greater Geelong,2022.0,-,-,-,-,-,-,-,-,-,-,-,-,-,-,-,-,-
22830,Greater Shepparton,2011.0,-,-,-,-,-,-,-,-,-,-,-,-,-,-,-,-,-
22830,Greater Shepparton,2016.0,32186,1487.8,41557,46227,6022,77.3,7448,12841,23746,180.1,221,7583,1702.7,41806,48405,0.446,6.7
22830,Greater Shepparton,2017.0,32150,1524.3,42422,47412,5901,78.5,6944,13310,23513,179.3,193,7624,1747.4,42398,49370,0.448,6.6
22830,Greater Shepparton,2018.0,32791,1604.2,44052,48922,5855,90.6,8349,15482,23430,195.6,182,8347,1845.9,44307,51301,0.442,6.3
22830,Greater Shepparton,2019.0,33518,1688.3,45457,50371,5597,86.5,8448,15457,24045,201.6,132,8383,1926.9,46195,53170,0.438,6.5
22830,Greater Shepparton,2020.0,34083,1795.2,47001,52673,5997,87.7,8173,14630,23460,202.4,110,8629,2035.6,46821,54724,0.442,6.7
22830,Greater Shepparton,2021.0,-,-,-,-,-,-,-,-,-,-,-,-,-,-,-,-,-
22830,Greater Shepparton,2022.0,-,-,-,-,-,-,-,-,-,-,-,-,-,-,-,-,-
22910,Hepburn,2011.0,-,-,-,-,-,-,-,-,-,-,-,-,-,-,-,-,-
22910,Hepburn,2016.0,6511,315.8,40663,48495,2045,28.5,8736,13926,5801,50.4,335,8684,385.7,37838,47711,0.494,8.6
22910,Hepburn,2017.0,6693,334.7,41899,50006,2166,31.8,8132,14681,5906,54.3,368,9196,414,38707,49420,0.498,9.2
22910,Hepburn,2018.0,6817,352.5,43240,51707,2169,33.8,8345,15583,6018,59.1,378,9819,434.4,40005,50942,0.497,8.4
22910,Hepburn,2019.0,6799,366.6,45087,53918,2143,33.5,9408,15646,6012,60.4,235,10039,445.2,42504,52587,0.495,8.2
22910,Hepburn,2020.0,7165,408.3,47603,56990,2322,37,9127,15924,6108,65.1,229,10666,495.1,43129,55459,0.505,9.1
22910,Hepburn,2021.0,-,-,-,-,-,-,-,-,-,-,-,-,-,-,-,-,-
22910,Hepburn,2022.0,-,-,-,-,-,-,-,-,-,-,-,-,-,-,-,-,-
22980,Hindmarsh,2011.0,-,-,-,-,-,-,-,-,-,-,-,-,-,-,-,-,-
22980,Hindmarsh,2016.0,2244,95.8,39591,42713,973,4.4,3839,4571,2306,16.8,710,7283,115.8,36147,38828,0.59,6.4
22980,Hindmarsh,2017.0,2262,100.7,42044,44525,1019,30.5,18556,29943,2271,17.2,666,7580,146.8,42626,48799,0.461,6.3
22980,Hindmarsh,2018.0,2318,106.8,43075,46079,1025,47.7,24766,46508,2248,19,560,8461,170.7,46228,56366,0.471,8
22980,Hindmarsh,2019.0,2322,108.6,44436,46757,945,51,25000,53997,2272,22.7,504,9983,180.5,47113,59820,0.502,10.3
22980,Hindmarsh,2020.0,2392,118.2,46797,49409,990,56.4,27916,56974,2242,22.1,484,9842,193,49326,62179,0.504,9.6
22980,Hindmarsh,2021.0,-,-,-,-,-,-,-,-,-,-,-,-,-,-,-,-,-
22980,Hindmarsh,2022.0,-,-,-,-,-,-,-,-,-,-,-,-,-,-,-,-,-
23110,Hobsons Bay,2011.0,-,-,-,-,-,-,-,-,-,-,-,-,-,-,-,-,-
23110,Hobsons Bay,2016.0,47498,3060.7,54226,64439,6453,147.8,11980,22907,36434,269.3,257,7391,3306.8,53505,65766,0.445,7.1
23110,Hobsons Bay,2017.0,48780,3220.9,55290,66029,6658,154.3,11700,23177,36791,282.3,231,7672,3503.8,54105,67438,0.449,7
23110,Hobsons Bay,2018.0,49656,3446.1,57711,69399,6749,160,11981,23706,37559,314.6,213,8377,3744.3,56246,70356,0.452,7.3
23110,Hobsons Bay,2019.0,50641,3624.9,60000,71581,7001,176.2,12344,25168,39102,335.8,169,8587,3963.8,58918,73080,0.45,7.3
23110,Hobsons Bay,2020.0,50772,3784.4,62143,74537,7029,178.3,11361,25371,37860,320.1,145,8455,4077.9,60480,75218,0.451,7.1
23110,Hobsons Bay,2021.0,-,-,-,-,-,-,-,-,-,-,-,-,-,-,-,-,-
23110,Hobsons Bay,2022.0,-,-,-,-,-,-,-,-,-,-,-,-,-,-,-,-,-
23190,Horsham,2011.0,-,-,-,-,-,-,-,-,-,-,-,-,-,-,-,-,-
23190,Horsham,2016.0,9876,447.9,42104,45352,2446,18.6,4319,7617,8794,76.3,457,8672,532.6,41072,45744,0.486,6.2
23190,Horsham,2017.0,9917,463.1,43201,46700,2428,54.6,11507,22484,8586,73.4,390,8545,584.1,43865,50014,0.438,6
23190,Horsham,2018.0,10040,488.7,45569,48673,2359,68.5,14045,29050,8568,74.9,388,8742,622.4,46597,52826,0.43,5.7
23190,Horsham,2019.0,10061,507.7,47112,50458,2336,76.4,14095,32719,8683,80.7,328,9300,654.9,48687,55573,0.437,6.2
23190,Horsham,2020.0,10303,544,48516,52803,2388,96.8,16033,40539,8552,79.1,283,9247,706.7,49572,58520,0.443,6.2
23190,Horsham,2021.0,-,-,-,-,-,-,-,-,-,-,-,-,-,-,-,-,-
23190,Horsham,2022.0,-,-,-,-,-,-,-,-,-,-,-,-,-,-,-,-,-
23270,Hume,2011.0,-,-,-,-,-,-,-,-,-,-,-,-,-,-,-,-,-
23270,Hume,2016.0,90768,4638.2,46351,51099,13820,249.8,13906,18078,59799,275,106,4599,5003.4,45331,51585,0.408,5.3
23270,Hume,2017.0,95407,4958.6,47049,51973,15177,273.9,13012,18046,60743,293.9,94,4839,5368.8,46079,52480,0.41,5.3
23270,Hume,2018.0,100633,5415.7,48554,53817,16155,292.1,13371,18079,63666,316,81,4963,5851,47083,53851,0.412,5.3
23270,Hume,2019.0,106366,5908.4,50228,55548,17391,325.4,13659,18711,69232,334.6,56,4832,6398.6,48914,55574,0.41,5.3
23270,Hume,2020.0,110521,6322.9,51202,57210,18353,340.1,13170,18529,68645,331.2,36,4825,6782.2,49410,56734,0.413,5.2
23270,Hume,2021.0,-,-,-,-,-,-,-,-,-,-,-,-,-,-,-,-,-
23270,Hume,2022.0,-,-,-,-,-,-,-,-,-,-,-,-,-,-,-,-,-
23350,Indigo,2011.0,-,-,-,-,-,-,-,-,-,-,-,-,-,-,-,-,-
23350,Indigo,2016.0,8127,409,45779,50328,2300,31.4,5282,13655,7018,47.9,312,6820,480.4,44465,50730,0.444,5.8
23350,Indigo,2017.0,8098,420.5,47068,51926,2329,29.8,5615,12798,6974,50.3,329,7210,492.6,44638,51268,0.444,5.8
23350,Indigo,2018.0,8282,440.9,48392,53231,2381,30.3,4423,12709,7012,52.6,310,7498,513.2,46075,52440,0.444,5.4
23350,Indigo,2019.0,8362,455.6,50065,54484,2284,27.7,3727,12111,7073,54.7,246,7730,528.9,47932,54131,0.441,5.2
23350,Indigo,2020.0,8566,491,52000,57322,2420,26.5,3897,10954,7019,52.8,220,7526,558.7,48510,55305,0.452,5.6
23350,Indigo,2021.0,-,-,-,-,-,-,-,-,-,-,-,-,-,-,-,-,-
23350,Indigo,2022.0,-,-,-,-,-,-,-,-,-,-,-,-,-,-,-,-,-
23430,Kingston (Vic.),2011.0,-,-,-,-,-,-,-,-,-,-,-,-,-,-,-,-,-
23430,Kingston (Vic.),2016.0,80938,4872.7,51198,60202,11569,257.1,13112,22227,67501,483.7,298,7166,5380.6,49506,60309,0.448,6.6
23430,Kingston (Vic.),2017.0,82804,5126.6,52539,61913,11971,274.1,13000,22895,67528,499.4,265,7395,5692,50583,62063,0.451,6.9
23430,Kingston (Vic.),2018.0,84338,5443.4,54533,64543,12313,280.6,13010,22788,69064,557.2,236,8068,6060.8,52380,64443,0.453,7.2
23430,Kingston (Vic.),2019.0,86114,5759.9,56825,66887,12662,282.6,12232,22322,71471,584.8,204,8183,6394.3,54448,66734,0.451,7.1
23430,Kingston (Vic.),2020.0,86938,6015.1,58631,69189,12886,294.2,11737,22827,70133,569.2,166,8117,6625.3,55562,68532,0.452,7
23430,Kingston (Vic.),2021.0,-,-,-,-,-,-,-,-,-,-,-,-,-,-,-,-,-
23430,Kingston (Vic.),2022.0,-,-,-,-,-,-,-,-,-,-,-,-,-,-,-,-,-
23670,Knox,2011.0,-,-,-,-,-,-,-,-,-,-,-,-,-,-,-,-,-
23670,Knox,2016.0,85382,4760,48692,55750,10919,235.2,12374,21541,69308,340.5,216,4912,5134.5,47258,55495,0.429,5.8
23670,Knox,2017.0,86050,4910.3,49902,57063,11299,244.9,12201,21674,69060,342.7,197,4963,5312,47962,56484,0.432,5.8
23670,Knox,2018.0,87152,5170.3,51875,59326,11389,259.8,12453,22810,70203,358.5,173,5107,5598.4,49534,58184,0.435,5.9
23670,Knox,2019.0,88229,5410.2,53824,61320,11741,263.1,11999,22409,72128,376.8,144,5224,5851,51434,59944,0.43,5.7
23670,Knox,2020.0,88531,5603.3,55096,63292,11611,262,11909,22563,69741,362.4,118,5196,5989.5,52301,61339,0.431,5.7
23670,Knox,2021.0,-,-,-,-,-,-,-,-,-,-,-,-,-,-,-,-,-
23670,Knox,2022.0,-,-,-,-,-,-,-,-,-,-,-,-,-,-,-,-,-
23810,Latrobe (Vic.),2011.0,-,-,-,-,-,-,-,-,-,-,-,-,-,-,-,-,-
23810,Latrobe (Vic.),2016.0,34640,2027.4,47051,58528,4338,69.1,7826,15934,24658,128.2,172,5198,2162.9,46527,58647,0.46,5.5
23810,Latrobe (Vic.),2017.0,34823,2036.2,47152,58471,4441,67.3,7087,15148,24324,123.2,165,5063,2186.3,46252,58313,0.466,6.5
23810,Latrobe (Vic.),2018.0,35257,2098.9,48780,59530,4401,70.5,7529,16025,24701,130.6,152,5289,2243.4,47488,58901,0.457,6.2
23810,Latrobe (Vic.),2019.0,35747,2189,50617,61236,4357,70.9,8097,16271,25578,138.1,116,5398,2348.5,49494,60891,0.451,5.8
23810,Latrobe (Vic.),2020.0,36375,2252.4,52010,61923,4382,68,7473,15512,24728,144,98,5822,2401.7,50361,61101,0.448,5.6
23810,Latrobe (Vic.),2021.0,-,-,-,-,-,-,-,-,-,-,-,-,-,-,-,-,-
23810,Latrobe (Vic.),2022.0,-,-,-,-,-,-,-,-,-,-,-,-,-,-,-,-,-
23940,Loddon,2011.0,-,-,-,-,-,-,-,-,-,-,-,-,-,-,-,-,-
23940,Loddon,2016.0,2680,111.4,36936,41564,1345,11.3,4357,8371,2674,15.8,597,5920,134.6,30965,37264,0.569,8.7
23940,Loddon,2017.0,2792,115.7,37189,41424,1401,34.2,11922,24415,2714,15.9,481,5875,162.2,36279,43059,0.532,8.1
23940,Loddon,2018.0,2809,123.8,40223,44079,1426,50.6,18629,35504,2766,16.1,446,5833,185.5,40186,48282,0.491,6.5
23940,Loddon,2019.0,2753,125.4,41817,45550,1305,41.7,14889,31945,2673,17.6,421,6595,182.4,40824,49044,0.5,8.1
23940,Loddon,2020.0,2890,136.6,42408,47279,1395,44,19201,31520,2680,17.9,398,6672,194.2,41106,49841,0.513,7.8
23940,Loddon,2021.0,-,-,-,-,-,-,-,-,-,-,-,-,-,-,-,-,-
23940,Loddon,2022.0,-,-,-,-,-,-,-,-,-,-,-,-,-,-,-,-,-
24130,Macedon Ranges,2011.0,-,-,-,-,-,-,-,-,-,-,-,-,-,-,-,-,-
24130,Macedon Ranges,2016.0,23396,1454.6,50597,62173,4770,82.5,8119,17290,19681,190,306,9653,1664.3,48734,62307,0.474,7.5
24130,Macedon Ranges,2017.0,24079,1556.5,52166,64643,4985,84.4,8257,16936,20261,223.5,293,11029,1812.8,50553,65247,0.479,8.2
24130,Macedon Ranges,2018.0,24671,1660.8,54629,67319,5044,98.2,9276,19465,20939,228.6,255,10919,1924.6,52378,67328,0.477,7.8
24130,Macedon Ranges,2019.0,25131,1739.6,56395,69220,4965,98,8915,19744,21454,252.5,215,11769,2021.7,54358,69833,0.473,7.9
24130,Macedon Ranges,2020.0,25812,1851.3,58106,71721,5199,91.8,8151,17653,21238,254.7,188,11993,2122.2,54922,71247,0.48,8.1
24130,Macedon Ranges,2021.0,-,-,-,-,-,-,-,-,-,-,-,-,-,-,-,-,-
24130,Macedon Ranges,2022.0,-,-,-,-,-,-,-,-,-,-,-,-,-,-,-,-,-
24210,Manningham,2011.0,-,-,-,-,-,-,-,-,-,-,-,-,-,-,-,-,-
24210,Manningham,2016.0,57970,3614.7,47275,62355,9438,264,13630,27972,59837,936.5,1102,15651,4648.3,45208,65099,0.526,10.5
24210,Manningham,2017.0,58287,3711.3,48170,63673,9691,270.4,13112,27903,60055,918.1,1009,15287,4761.1,45293,65515,0.529,10.2
24210,Manningham,2018.0,59079,3867.8,49875,65469,9911,273,13100,27546,61356,983.2,873,16025,4978.9,45855,66773,0.533,10.8
24210,Manningham,2019.0,60145,4054.1,51501,67405,10253,285.7,12951,27867,62413,1017.7,792,16306,5225.4,47759,68991,0.532,11
24210,Manningham,2020.0,61224,4257.9,53142,69547,10497,291.4,12748,27762,61765,941.8,691,15248,5309,48090,69138,0.529,10
24210,Manningham,2021.0,-,-,-,-,-,-,-,-,-,-,-,-,-,-,-,-,-
24210,Manningham,2022.0,-,-,-,-,-,-,-,-,-,-,-,-,-,-,-,-,-
24250,Mansfield,2011.0,-,-,-,-,-,-,-,-,-,-,-,-,-,-,-,-,-
24250,Mansfield,2016.0,3844,164.8,35491,42880,1447,18.6,7346,12845,3675,36.6,459,9965,219.2,34811,44666,0.502,7.9
24250,Mansfield,2017.0,3981,177.9,36643,44681,1461,21.8,7479,14903,3733,48.6,498,13012,246.1,36559,48389,0.514,10.9
24250,Mansfield,2018.0,4132,190.1,38192,45996,1464,20.4,8072,13957,3819,39.9,474,10436,246.5,38450,47284,0.471,5.8
24250,Mansfield,2019.0,4248,199.7,39760,47009,1401,19.7,8273,14064,3900,44.5,356,11398,262.9,40654,50094,0.477,6.7
24250,Mansfield,2020.0,4365,218.5,41562,50062,1474,22.1,8132,15011,3892,46,385,11809,280.6,40763,51692,0.488,7.2
24250,Mansfield,2021.0,-,-,-,-,-,-,-,-,-,-,-,-,-,-,-,-,-
24250,Mansfield,2022.0,-,-,-,-,-,-,-,-,-,-,-,-,-,-,-,-,-
24330,Maribyrnong,2011.0,-,-,-,-,-,-,-,-,-,-,-,-,-,-,-,-,-
24330,Maribyrnong,2016.0,47644,2740,49170,57510,6803,131.8,9094,19368,32609,137.4,147,4214,2809.2,49523,59248,0.433,5.8
24330,Maribyrnong,2017.0,49705,2953.3,50714,59417,7158,143.8,9191,20085,33828,138.3,124,4089,3049.2,50819,60950,0.435,5.6
24330,Maribyrnong,2018.0,51101,3177.1,52500,62174,7706,161.8,9577,20999,35061,151,111,4307,3296.9,52337,63413,0.438,6
24330,Maribyrnong,2019.0,52449,3401.4,55146,64852,8255,177.5,9619,21507,37401,160,93,4278,3533.5,54703,65792,0.437,6
24330,Maribyrnong,2020.0,53031,3580.1,57084,67509,8291,178.8,9681,21564,36603,163.3,74,4460,3686.1,56241,68273,0.436,5.8
24330,Maribyrnong,2021.0,-,-,-,-,-,-,-,-,-,-,-,-,-,-,-,-,-
24330,Maribyrnong,2022.0,-,-,-,-,-,-,-,-,-,-,-,-,-,-,-,-,-
24410,Maroondah,2011.0,-,-,-,-,-,-,-,-,-,-,-,-,-,-,-,-,-
24410,Maroondah,2016.0,59572,3416.5,49694,57350,7853,155.9,11304,19847,48274,279.4,242,5787,3711.2,48386,57194,0.434,5.5
24410,Maroondah,2017.0,60411,3572.3,51079,59134,8065,162.1,10938,20105,48094,288.3,223,5994,3876.3,49438,58530,0.439,5.6
24410,Maroondah,2018.0,61298,3763.4,52957,61395,8173,176.9,11049,21644,49078,300.6,196,6125,4095.6,50897,60531,0.437,5.7
24410,Maroondah,2019.0,62119,3941.1,54745,63444,8273,178.2,11295,21538,50782,327.2,167,6444,4305.7,52923,62686,0.434,5.6
24410,Maroondah,2020.0,62430,4113.6,56712,65892,8414,179.9,10471,21385,49291,317.6,133,6442,4454.3,54001,64514,0.434,5.5
24410,Maroondah,2021.0,-,-,-,-,-,-,-,-,-,-,-,-,-,-,-,-,-
24410,Maroondah,2022.0,-,-,-,-,-,-,-,-,-,-,-,-,-,-,-,-,-
24600,Melbourne,2011.0,-,-,-,-,-,-,-,-,-,-,-,-,-,-,-,-,-
24600,Melbourne,2016.0,82783,4740.7,40179,57267,9348,332.1,8289,35531,56407,774,261,13721,5515.1,47273,70094,0.55,14.4
24600,Melbourne,2017.0,90142,5084.4,37876,56405,10289,362,8454,35185,59742,795.9,210,13322,5944.5,44432,68348,0.564,14.4
24600,Melbourne,2018.0,101048,5905,40487,58438,11279,395,8357,35018,64496,863,181,13381,6537.9,45832,69864,0.564,15.3
24600,Melbourne,2019.0,103164,6096.6,39551,59097,12154,425,9121,34969,69924,888,142,12699,7011.5,47429,71443,0.559,14.6
24600,Melbourne,2020.0,104551,6380.8,41393,61030,13056,436.6,8528,33439,69124,856.8,110,12396,7252.5,48302,72568,0.556,14
24600,Melbourne,2021.0,-,-,-,-,-,-,-,-,-,-,-,-,-,-,-,-,-
24600,Melbourne,2022.0,-,-,-,-,-,-,-,-,-,-,-,-,-,-,-,-,-
24650,Melton,2011.0,-,-,-,-,-,-,-,-,-,-,-,-,-,-,-,-,-
24650,Melton,2016.0,66786,3621.9,49779,54231,8065,154.6,13035,19170,42186,130.9,73,3103,3792.5,49402,54876,0.39,4.6
24650,Melton,2017.0,64843,3599,50473,55503,8000,152.6,12513,19073,40203,139,67,3458,3794,49979,55933,0.392,4.6
24650,Melton,2018.0,74370,4277.2,52176,57512,9318,175.4,13329,18822,46078,173.7,58,3770,4529.8,51292,57744,0.396,5.1
24650,Melton,2019.0,78828,4653.4,53911,59032,9928,195.7,12820,19708,50610,187.2,44,3700,4910.2,53206,59180,0.391,4.4
24650,Melton,2020.0,83174,5055.6,55067,60783,10753,205.3,11874,19094,51149,200.4,28,3917,5314.5,53913,60429,0.396,4.6
24650,Melton,2021.0,-,-,-,-,-,-,-,-,-,-,-,-,-,-,-,-,-
24650,Melton,2022.0,-,-,-,-,-,-,-,-,-,-,-,-,-,-,-,-,-
24780,Mildura,2011.0,-,-,-,-,-,-,-,-,-,-,-,-,-,-,-,-,-
24780,Mildura,2016.0,26683,1177.8,39421,44139,5678,119.2,9517,20992,19136,129.5,202,6769,1391,41184,47926,0.45,6.5
24780,Mildura,2017.0,26879,1202.4,40147,44734,5501,131.2,10537,23852,18909,128.9,176,6814,1435.6,41936,48978,0.447,6.7
24780,Mildura,2018.0,28295,1298.5,41111,45891,5498,139.6,12311,25386,18995,136.4,177,7180,1528.2,44017,50785,0.448,6.5
24780,Mildura,2019.0,28394,1347.9,42699,47471,4890,115.4,12053,23605,19133,141.5,116,7395,1573.8,45790,52891,0.438,7
24780,Mildura,2020.0,30494,1479.5,43068,48518,5368,91.5,10058,17052,19176,140.3,105,7316,1651.6,45037,51501,0.452,5.8
24780,Mildura,2021.0,-,-,-,-,-,-,-,-,-,-,-,-,-,-,-,-,-
24780,Mildura,2022.0,-,-,-,-,-,-,-,-,-,-,-,-,-,-,-,-,-
24850,Mitchell,2011.0,-,-,-,-,-,-,-,-,-,-,-,-,-,-,-,-,-
24850,Mitchell,2016.0,20071,1061.6,47849,52892,3069,43.1,8103,14059,13764,71.5,108,5195,1140.7,47325,53408,0.411,5
24850,Mitchell,2017.0,21249,1150.3,48860,54134,3214,48.8,8284,15184,14292,75.3,99,5267,1237.6,48140,54666,0.411,5.1
24850,Mitchell,2018.0,22240,1256.9,51057,56514,3227,55.3,9304,17137,15030,82.9,89,5519,1348.3,49954,56546,0.41,5.3
24850,Mitchell,2019.0,23252,1363.5,53213,58641,3291,54,10108,16405,16044,82.4,63,5135,1454.8,52099,58508,0.404,4.9
24850,Mitchell,2020.0,24242,1471.7,54704,60707,3475,52.4,9600,15093,15614,86.9,45,5566,1561.4,53184,60020,0.411,5.1
24850,Mitchell,2021.0,-,-,-,-,-,-,-,-,-,-,-,-,-,-,-,-,-
24850,Mitchell,2022.0,-,-,-,-,-,-,-,-,-,-,-,-,-,-,-,-,-
24900,Moira,2011.0,-,-,-,-,-,-,-,-,-,-,-,-,-,-,-,-,-
24900,Moira,2016.0,12970,571.9,40056,44095,3688,49.9,7907,13542,10884,74.1,239,6811,678.5,38265,44027,0.484,6.3
24900,Moira,2017.0,13259,605.2,40731,45645,3606,43.7,5127,12130,10787,71.9,241,6661,707.3,38852,44923,0.488,6.5
24900,Moira,2018.0,13439,629.4,42223,46833,3558,52.2,7360,14657,10763,79.5,236,7389,743.8,40902,46822,0.469,5.7
24900,Moira,2019.0,13495,651.7,43910,48289,3344,43.9,7319,13122,10869,87.3,184,8035,768.5,42469,48389,0.477,6
24900,Moira,2020.0,13870,696.1,45447,50184,3491,46.7,6569,13366,10545,87.1,156,8258,811.4,43701,50049,0.471,6.1
24900,Moira,2021.0,-,-,-,-,-,-,-,-,-,-,-,-,-,-,-,-,-
24900,Moira,2022.0,-,-,-,-,-,-,-,-,-,-,-,-,-,-,-,-,-
24970,Monash,2011.0,-,-,-,-,-,-,-,-,-,-,-,-,-,-,-,-,-
24970,Monash,2016.0,89816,5184.5,47403,57724,13107,327.2,12113,24965,83090,723,534,8701,5998.3,44817,58286,0.492,7.8
24970,Monash,2017.0,91956,5404.1,47794,58769,13641,334.9,11050,24553,84504,712,445,8426,6245.4,44559,58603,0.498,7.9
24970,Monash,2018.0,94446,5707.9,49058,60435,14490,358.7,11119,24754,86993,767.8,386,8826,6627.5,45134,59893,0.503,8.2
24970,Monash,2019.0,97178,6002.8,49999,61771,15394,378,11535,24556,90060,831,308,9227,6974,46148,61503,0.501,8.2
24970,Monash,2020.0,98812,6296.4,51173,63721,16259,385.4,10497,23706,88792,791.4,267,8913,7230.6,46746,62729,0.5,7.9
24970,Monash,2021.0,-,-,-,-,-,-,-,-,-,-,-,-,-,-,-,-,-
24970,Monash,2022.0,-,-,-,-,-,-,-,-,-,-,-,-,-,-,-,-,-
25060,Moonee Valley,2011.0,-,-,-,-,-,-,-,-,-,-,-,-,-,-,-,-,-
25060,Moonee Valley,2016.0,63711,4163.8,53610,65354,8451,236.8,10944,28015,54056,589.1,460,10897,4791.4,53959,69316,0.47,8.2
25060,Moonee Valley,2017.0,65745,4439.2,55099,67522,9000,252,10668,28004,55033,607.3,413,11035,5092.7,54730,70791,0.475,8.3
25060,Moonee Valley,2018.0,67214,4688.8,57085,69759,9203,257,11006,27927,56590,695.9,379,12297,5447.1,56666,73491,0.476,8.5
25060,Moonee Valley,2019.0,69225,5003.5,59373,72279,9549,269.6,11032,28236,58688,698.9,313,11908,5737.7,58809,75507,0.472,8.3
25060,Moonee Valley,2020.0,70169,5279.5,61287,75240,9533,281.5,11026,29532,57818,718.6,269,12428,6036.9,60555,78454,0.475,8.8
25060,Moonee Valley,2021.0,-,-,-,-,-,-,-,-,-,-,-,-,-,-,-,-,-
25060,Moonee Valley,2022.0,-,-,-,-,-,-,-,-,-,-,-,-,-,-,-,-,-
25150,Moorabool,2011.0,-,-,-,-,-,-,-,-,-,-,-,-,-,-,-,-,-
25150,Moorabool,2016.0,16142,908.2,49388,56264,2569,43.9,8120,17096,11901,76.2,145,6404,998,48582,56903,0.428,5.7
25150,Moorabool,2017.0,17095,984.4,50721,57583,2719,50.1,7843,18441,12189,82.3,128,6748,1089.9,50094,58570,0.426,5.7
25150,Moorabool,2018.0,17596,1058.3,53031,60147,2718,52.6,9648,19364,12717,108.3,121,8516,1190.4,51953,61848,0.436,7.3
25150,Moorabool,2019.0,18204,1133.4,54732,62260,2701,48.3,9625,17866,13346,100.1,94,7497,1239.1,53718,62529,0.42,5.3
25150,Moorabool,2020.0,18973,1222.5,57005,64434,2843,47,8923,16517,13350,100.7,68,7546,1320.9,55040,63944,0.428,5.5
25150,Moorabool,2021.0,-,-,-,-,-,-,-,-,-,-,-,-,-,-,-,-,-
25150,Moorabool,2022.0,-,-,-,-,-,-,-,-,-,-,-,-,-,-,-,-,-
25250,Moreland,2011.0,-,-,-,-,-,-,-,-,-,-,-,-,-,-,-,-,-
25250,Moreland,2016.0,89061,5125.8,49893,57554,13769,273.2,10494,19838,66361,342.8,215,5166,5406.3,49012,58512,0.434,5.9
25250,Moreland,2017.0,94856,5571.1,50696,58732,14887,298.5,9900,20050,68754,364.3,183,5299,5910.5,50025,59865,0.436,5.9
25250,Moreland,2018.0,98308,6038.7,52699,61426,15597,323.8,10000,20760,70775,391,161,5524,6406.2,51883,62418,0.436,6.1
25250,Moreland,2019.0,102374,6538.2,55059,63866,16457,339.4,9835,20625,75743,410.8,125,5424,6935.9,54362,64956,0.432,5.9
25250,Moreland,2020.0,103656,6900,57077,66566,16562,355.7,9872,21478,73958,405.1,102,5477,7254.4,55965,67379,0.433,5.9
25250,Moreland,2021.0,-,-,-,-,-,-,-,-,-,-,-,-,-,-,-,-,-
25250,Moreland,2022.0,-,-,-,-,-,-,-,-,-,-,-,-,-,-,-,-,-
25340,Mornington Peninsula,2011.0,-,-,-,-,-,-,-,-,-,-,-,-,-,-,-,-,-
25340,Mornington Peninsula,2016.0,73045,4004.7,43589,54825,14358,368.1,14897,25639,65586,964.1,438,14700,5247.3,43223,59164,0.504,10.7
25340,Mornington Peninsula,2017.0,74727,4222.9,45095,56511,14875,383.8,14508,25799,66999,1039.7,420,15518,5551.1,44455,60621,0.502,10.5
25340,Mornington Peninsula,2018.0,76039,4438.6,46701,58373,14782,401.2,15278,27140,68899,1110.5,392,16118,5855.1,45701,62303,0.501,10.2
25340,Mornington Peninsula,2019.0,77179,4637.2,48475,60084,15001,415.2,14618,27679,70315,1181.4,343,16801,6128.5,47793,64447,0.497,10.2
25340,Mornington Peninsula,2020.0,78069,4881.7,50063,62531,15035,410.8,14330,27320,68517,1175.4,317,17154,6333.7,48352,66121,0.504,10.4
25340,Mornington Peninsula,2021.0,-,-,-,-,-,-,-,-,-,-,-,-,-,-,-,-,-
25340,Mornington Peninsula,2022.0,-,-,-,-,-,-,-,-,-,-,-,-,-,-,-,-,-
25430,Mount Alexander,2011.0,-,-,-,-,-,-,-,-,-,-,-,-,-,-,-,-,-
25430,Mount Alexander,2016.0,7868,370.4,41605,47074,2270,32.7,7711,14419,7032,53.8,389,7654,443.8,38383,45996,0.474,6.3
25430,Mount Alexander,2017.0,8040,394.3,43282,49037,2396,39.4,8017,16455,7171,54.7,387,7624,480.3,39478,48126,0.48,6.3
25430,Mount Alexander,2018.0,8178,419.7,44949,51326,2447,43,8451,17578,7316,60.2,392,8225,510.8,41890,50516,0.474,6.4
25430,Mount Alexander,2019.0,8182,430,46076,52558,2436,43.8,9737,17976,7439,63,317,8466,525.2,42703,51782,0.47,6.2
25430,Mount Alexander,2020.0,8470,470.1,48211,55507,2588,43.2,8164,16681,7490,63.7,300,8502,562.5,43234,53181,0.481,6.6
25430,Mount Alexander,2021.0,-,-,-,-,-,-,-,-,-,-,-,-,-,-,-,-,-
25430,Mount Alexander,2022.0,-,-,-,-,-,-,-,-,-,-,-,-,-,-,-,-,-
25490,Moyne,2011.0,-,-,-,-,-,-,-,-,-,-,-,-,-,-,-,-,-
25490,Moyne,2016.0,7392,335.6,40104,45407,3214,81.3,15517,25307,7142,64.7,446,9064,472.3,41085,48930,0.477,7.7
25490,Moyne,2017.0,7510,346.9,40692,46193,3285,98.1,17210,29852,7230,64.6,431,8939,501.2,41985,50686,0.471,7.4
25490,Moyne,2018.0,7647,371,42993,48520,3273,89,15943,27185,7242,68.2,398,9420,515.4,43405,51540,0.463,6.6
25490,Moyne,2019.0,7751,382.7,43770,49376,3032,91.4,17625,30158,7140,77.7,335,10881,540,45588,54926,0.469,7.9
25490,Moyne,2020.0,8104,419.4,45286,51748,3260,119.8,18235,36743,7240,77.4,338,10688,600.5,47001,58300,0.48,7.9
25490,Moyne,2021.0,-,-,-,-,-,-,-,-,-,-,-,-,-,-,-,-,-
25490,Moyne,2022.0,-,-,-,-,-,-,-,-,-,-,-,-,-,-,-,-,-
25620,Murrindindi,2011.0,-,-,-,-,-,-,-,-,-,-,-,-,-,-,-,-,-
25620,Murrindindi,2016.0,6397,301.2,40716,47090,2024,29.3,7031,14462,5550,42.3,306,7617,359.2,37674,46452,0.493,7.8
25620,Murrindindi,2017.0,6448,318.1,42150,49331,2050,30.9,7493,15073,5608,42.3,309,7546,381.3,39257,48068,0.485,7
25620,Murrindindi,2018.0,6603,337.6,43846,51134,2006,26.8,7522,13368,5682,46.2,314,8123,396.3,40116,48942,0.49,7
25620,Murrindindi,2019.0,6563,346.3,45132,52766,1962,26.6,9033,13581,5540,50.2,240,9067,406.7,42066,51214,0.483,7.2
25620,Murrindindi,2020.0,6793,376.2,47170,55385,2072,27.5,7647,13265,5514,49.2,187,8919,434.6,43040,52851,0.489,6.8
25620,Murrindindi,2021.0,-,-,-,-,-,-,-,-,-,-,-,-,-,-,-,-,-
25620,Murrindindi,2022.0,-,-,-,-,-,-,-,-,-,-,-,-,-,-,-,-,-
25710,Nillumbik,2011.0,-,-,-,-,-,-,-,-,-,-,-,-,-,-,-,-,-
25710,Nillumbik,2016.0,35098,2280.1,51480,64963,5579,130,11399,23296,30767,360.6,486,11721,2671.4,52439,68328,0.471,7.9
25710,Nillumbik,2017.0,35242,2363.4,53502,67063,5667,137.3,12203,24221,30889,367.5,444,11897,2796.3,53764,70318,0.474,8.4
25710,Nillumbik,2018.0,35512,2476.9,55894,69749,5714,143.8,12360,25158,31402,400.9,387,12768,2933.9,55611,72500,0.474,8.2
25710,Nillumbik,2019.0,35445,2547.9,57821,71882,5697,150.4,13486,26405,31605,416.8,348,13188,3014.6,57714,74682,0.469,8
25710,Nillumbik,2020.0,35203,2610.9,59749,74166,5693,142.9,11776,25101,30672,410,313,13368,3054.3,58670,75698,0.471,7.9
25710,Nillumbik,2021.0,-,-,-,-,-,-,-,-,-,-,-,-,-,-,-,-,-
25710,Nillumbik,2022.0,-,-,-,-,-,-,-,-,-,-,-,-,-,-,-,-,-
25810,Northern Grampians,2011.0,-,-,-,-,-,-,-,-,-,-,-,-,-,-,-,-,-
25810,Northern Grampians,2016.0,5251,231.1,39715,44008,1439,16.5,4357,11496,4403,24.4,362,5551,266.5,37933,43456,0.469,5.7
25810,Northern Grampians,2017.0,5349,241.2,39996,45088,1468,29.4,9573,20050,4330,24.5,337,5662,290.1,39193,46231,0.462,5.9
25810,Northern Grampians,2018.0,5467,251.6,41564,46014,1487,39.9,15143,26863,4358,27.5,408,6300,311,42116,48353,0.45,5.7
25810,Northern Grampians,2019.0,5469,267.8,44993,48960,1415,40.4,13301,28518,4465,31.1,296,6964,331.4,44790,51526,0.446,5.7
25810,Northern Grampians,2020.0,5542,280.4,46352,50599,1431,44.1,14585,30836,4291,28.6,281,6670,345.2,45838,52957,0.466,6.4
25810,Northern Grampians,2021.0,-,-,-,-,-,-,-,-,-,-,-,-,-,-,-,-,-
25810,Northern Grampians,2022.0,-,-,-,-,-,-,-,-,-,-,-,-,-,-,-,-,-
25900,Port Phillip,2011.0,-,-,-,-,-,-,-,-,-,-,-,-,-,-,-,-,-
25900,Port Phillip,2016.0,65946,5007.5,57800,75933,10312,381.9,10116,37034,52628,876.9,378,16662,5916.5,60274,86399,0.521,12.9
25900,Port Phillip,2017.0,69909,5317.2,57417,76059,10814,402.6,10430,37228,54007,872.6,348,16158,6274.9,60039,86324,0.521,12.2
25900,Port Phillip,2018.0,71773,5681.4,59325,79157,11262,438.9,10652,38975,55342,963.3,323,17406,6740,62315,90234,0.525,12.9
25900,Port Phillip,2019.0,73230,5916.3,61238,80791,11772,455,11208,38650,57107,1017.3,270,17814,6987.3,64663,92009,0.519,12.5
25900,Port Phillip,2020.0,72460,6045.6,63189,83434,11852,451.7,10682,38109,55511,954.2,242,17190,7066.9,65804,93921,0.519,12.2
25900,Port Phillip,2021.0,-,-,-,-,-,-,-,-,-,-,-,-,-,-,-,-,-
25900,Port Phillip,2022.0,-,-,-,-,-,-,-,-,-,-,-,-,-,-,-,-,-
25990,Pyrenees,2011.0,-,-,-,-,-,-,-,-,-,-,-,-,-,-,-,-,-
25990,Pyrenees,2016.0,2716,117.9,38890,43406,1042,8.1,2724,7760,2384,31.6,392,13275,151.4,35452,44444,0.556,15.4
25990,Pyrenees,2017.0,2860,128.7,39875,45005,1053,12.9,6535,12296,2486,15.9,303,6394,155.1,36617,43449,0.491,6.2
25990,Pyrenees,2018.0,2911,137,40792,47073,1039,14.7,6411,14134,2484,18.2,284,7309,167,38503,46133,0.504,7.1
25990,Pyrenees,2019.0,2876,140.7,43680,48917,951,14.9,5942,15660,2453,14.5,211,5925,166.8,40651,47390,0.483,5.2
25990,Pyrenees,2020.0,3080,155.9,44955,50618,1008,13,4656,12933,2423,16.3,192,6717,179.3,41643,47967,0.497,5.4
25990,Pyrenees,2021.0,-,-,-,-,-,-,-,-,-,-,-,-,-,-,-,-,-
25990,Pyrenees,2022.0,-,-,-,-,-,-,-,-,-,-,-,-,-,-,-,-,-
26080,Queenscliffe,2011.0,-,-,-,-,-,-,-,-,-,-,-,-,-,-,-,-,-
26080,Queenscliffe,2016.0,1222,67.3,41113,55064,305,5.1,7447,16883,1580,37.6,3475,23770,110.4,40086,59140,0.569,11
26080,Queenscliffe,2017.0,1243,67.2,41133,54093,309,6.7,11176,21595,1625,38.1,3099,23420,113.4,38834,58801,0.556,10.1
26080,Queenscliffe,2018.0,1280,77.3,42004,60412,339,7.5,10332,22178,1671,38.2,2834,22865,124.3,39498,62471,0.573,12.7
26080,Queenscliffe,2019.0,1282,77.1,46278,60140,339,8.2,11291,24215,1724,43.7,2727,25376,131,43641,65202,0.549,10.9
26080,Queenscliffe,2020.0,1307,82.5,48817,63098,336,8.1,10238,24078,1715,40.8,2358,23788,132.4,45063,65222,0.548,11
26080,Queenscliffe,2021.0,-,-,-,-,-,-,-,-,-,-,-,-,-,-,-,-,-
26080,Queenscliffe,2022.0,-,-,-,-,-,-,-,-,-,-,-,-,-,-,-,-,-
26170,South Gippsland,2011.0,-,-,-,-,-,-,-,-,-,-,-,-,-,-,-,-,-
26170,South Gippsland,2016.0,11958,558.6,39054,46711,4970,88.7,10403,17851,11569,100.9,421,8719,733.8,36585,46816,0.502,8.1
26170,South Gippsland,2017.0,12270,588.2,40676,47936,5011,84.9,9608,16943,11797,104.2,406,8830,764.4,37334,47151,0.501,7.6
26170,South Gippsland,2018.0,12539,626.1,42305,49929,5019,87.1,10102,17356,11828,98.3,368,8311,798.5,39315,48360,0.487,6.3
26170,South Gippsland,2019.0,12757,647,43336,50719,4869,89.5,10000,18384,11908,103.6,285,8701,828.7,41358,50616,0.481,6.2
26170,South Gippsland,2020.0,13179,699.8,45484,53099,5036,110,12217,21835,11850,102.5,263,8652,892.8,43165,52604,0.481,6.4
26170,South Gippsland,2021.0,-,-,-,-,-,-,-,-,-,-,-,-,-,-,-,-,-
26170,South Gippsland,2022.0,-,-,-,-,-,-,-,-,-,-,-,-,-,-,-,-,-
26260,Southern Grampians,2011.0,-,-,-,-,-,-,-,-,-,-,-,-,-,-,-,-,-
26260,Southern Grampians,2016.0,7714,335.5,38939,43499,2677,58.1,11553,21719,7408,62.5,476,8441,446.1,39234,46544,0.478,7.4
26260,Southern Grampians,2017.0,7645,339.1,39586,44360,2729,79.4,14899,29093,7285,60.5,442,8300,474.3,41393,49368,0.469,7.1
26260,Southern Grampians,2018.0,7565,352.1,41836,46541,2746,76.8,14438,27955,7186,65.6,474,9127,500,42821,52358,0.484,9.6
26260,Southern Grampians,2019.0,7527,364.3,44312,48405,2567,76.3,15824,29733,7033,66.6,390,9472,496.4,45518,53528,0.461,6.7
26260,Southern Grampians,2020.0,7765,385.8,45418,49690,2703,67.2,12256,24853,6931,64.5,400,9309,502.9,45432,52668,0.473,6.7
26260,Southern Grampians,2021.0,-,-,-,-,-,-,-,-,-,-,-,-,-,-,-,-,-
26260,Southern Grampians,2022.0,-,-,-,-,-,-,-,-,-,-,-,-,-,-,-,-,-
26350,Stonnington,2011.0,-,-,-,-,-,-,-,-,-,-,-,-,-,-,-,-,-
26350,Stonnington,2016.0,62552,5037.7,54999,80536,9963,632.6,12298,63496,57386,1965.3,955,34246,7412.1,60483,104250,0.596,18.6
26350,Stonnington,2017.0,65126,5311.3,56534,81555,10508,625.5,11606,59530,59402,2104.5,837,35429,7825.7,61847,105026,0.59,18.2
26350,Stonnington,2018.0,66251,5597.9,59889,84496,10909,660.9,11681,60584,61010,2265,773,37125,8308.7,64514,108727,0.59,18.2
26350,Stonnington,2019.0,67149,5863.8,62110,87325,10979,679,12040,61848,62181,2370.7,680,38127,8685,67488,113020,0.594,18.9
26350,Stonnington,2020.0,66485,6034.2,64813,90760,10994,675.8,11804,61474,60542,2181.5,645,36033,8625.2,68889,113113,0.582,18.2
26350,Stonnington,2021.0,-,-,-,-,-,-,-,-,-,-,-,-,-,-,-,-,-
26350,Stonnington,2022.0,-,-,-,-,-,-,-,-,-,-,-,-,-,-,-,-,-
26430,Strathbogie,2011.0,-,-,-,-,-,-,-,-,-,-,-,-,-,-,-,-,-
26430,Strathbogie,2016.0,4465,204.5,40594,45796,1684,10.5,3730,6243,4141,37.2,456,8983,247.9,37823,43854,0.501,6.6
26430,Strathbogie,2017.0,4650,219.5,41792,47201,1695,14.7,4203,8644,4199,40.2,408,9567,271.2,39500,46262,0.488,6.6
26430,Strathbogie,2018.0,4765,234,43611,49098,1701,18,5124,10567,4224,45.3,403,10727,291.6,41407,48758,0.489,6.7
26430,Strathbogie,2019.0,4816,244.7,45474,50815,1608,15.1,4131,9390,4268,48.5,304,11373,302.4,43235,50634,0.485,7
26430,Strathbogie,2020.0,4927,262.9,47188,53352,1695,10.5,2825,6179,4206,43.4,227,10318,308.1,43302,50568,0.5,6.8
26430,Strathbogie,2021.0,-,-,-,-,-,-,-,-,-,-,-,-,-,-,-,-,-
26430,Strathbogie,2022.0,-,-,-,-,-,-,-,-,-,-,-,-,-,-,-,-,-
26490,Surf Coast,2011.0,-,-,-,-,-,-,-,-,-,-,-,-,-,-,-,-,-
26490,Surf Coast,2016.0,14708,828.7,44611,56346,3819,78.3,10916,20494,14013,206,606,14698,1093.5,44866,59670,0.501,8.6
26490,Surf Coast,2017.0,15589,909,46239,58313,3929,84.1,11181,21417,14766,212.4,560,14381,1191.8,46109,61243,0.502,8.6
26490,Surf Coast,2018.0,16149,981.1,48387,60752,3952,89.8,10553,22722,15257,247.4,562,16215,1293.3,48467,64365,0.498,9.1
26490,Surf Coast,2019.0,16848,1067.5,50753,63361,4099,100.1,12689,24426,15990,269.5,523,16857,1414.3,51451,67802,0.489,8.9
26490,Surf Coast,2020.0,17711,1175.7,53102,66383,4329,110.9,10962,25626,16480,289,432,17536,1552.5,52224,70586,0.504,10.4
26490,Surf Coast,2021.0,-,-,-,-,-,-,-,-,-,-,-,-,-,-,-,-,-
26490,Surf Coast,2022.0,-,-,-,-,-,-,-,-,-,-,-,-,-,-,-,-,-
26610,Swan Hill,2011.0,-,-,-,-,-,-,-,-,-,-,-,-,-,-,-,-,-
26610,Swan Hill,2016.0,10085,414.8,37734,41134,2611,65.5,11371,25092,7687,71.5,435,9297,531.9,40592,47292,0.472,6.9
26610,Swan Hill,2017.0,10351,435.3,38137,42050,2658,92.4,17000,34761,7687,74,386,9623,583.9,42046,50258,0.459,7.2
26610,Swan Hill,2018.0,10585,467,40627,44120,2673,97.7,17611,36534,7760,85.4,404,11005,623.1,45151,53116,0.455,7.3
26610,Swan Hill,2019.0,10811,487.6,40869,45100,2360,91.8,16009,38913,7617,85.4,306,11209,640.4,45855,54564,0.462,8.3
26610,Swan Hill,2020.0,11809,537.8,40397,45544,2509,77.5,14015,30883,7756,82,259,10573,664,44327,52327,0.459,6.9
26610,Swan Hill,2021.0,-,-,-,-,-,-,-,-,-,-,-,-,-,-,-,-,-
26610,Swan Hill,2022.0,-,-,-,-,-,-,-,-,-,-,-,-,-,-,-,-,-
26670,Towong,2011.0,-,-,-,-,-,-,-,-,-,-,-,-,-,-,-,-,-
26670,Towong,2016.0,2732,126.2,39723,46202,1260,28.6,13120,22670,2611,16.4,463,6300,168.9,39569,48237,0.47,6.5
26670,Towong,2017.0,2717,128.7,41021,47358,1308,26.9,11688,20538,2666,16.7,409,6249,169.7,39379,47543,0.476,6.9
26670,Towong,2018.0,2812,135.3,41498,48124,1310,23.8,10271,18138,2681,17.3,359,6445,172.8,39341,47196,0.481,6.8
26670,Towong,2019.0,2725,137.2,44356,50344,1187,18.9,9212,15910,2576,24.8,270,9646,176.5,40716,50228,0.505,10.1
26670,Towong,2020.0,2741,143.6,45840,52398,1241,22.8,9902,18402,2531,29,310,11460,192.7,42687,54138,0.516,10.5
26670,Towong,2021.0,-,-,-,-,-,-,-,-,-,-,-,-,-,-,-,-,-
26670,Towong,2022.0,-,-,-,-,-,-,-,-,-,-,-,-,-,-,-,-,-
26700,Wangaratta,2011.0,-,-,-,-,-,-,-,-,-,-,-,-,-,-,-,-,-
26700,Wangaratta,2016.0,13753,645.6,42614,46946,3490,65,6914,18611,11605,82.1,356,7071,770.3,41643,48333,0.453,6.8
26700,Wangaratta,2017.0,13931,680,43980,48811,3468,61.7,7511,17798,11446,80.8,336,7061,803.6,42578,49662,0.451,6.7
26700,Wangaratta,2018.0,14132,712.4,45683,50411,3457,63.8,6918,18451,11506,91.6,324,7960,848.2,43804,51486,0.456,7.7
26700,Wangaratta,2019.0,14305,741.6,47255,51842,3272,59.7,7147,18238,11732,90.8,257,7739,872.5,46286,52959,0.446,6.7
26700,Wangaratta,2020.0,14639,797.3,49046,54466,3392,56.3,7000,16586,11476,90.1,222,7855,915.3,46850,54480,0.453,6.9
26700,Wangaratta,2021.0,-,-,-,-,-,-,-,-,-,-,-,-,-,-,-,-,-
26700,Wangaratta,2022.0,-,-,-,-,-,-,-,-,-,-,-,-,-,-,-,-,-
26730,Warrnambool,2011.0,-,-,-,-,-,-,-,-,-,-,-,-,-,-,-,-,-
26730,Warrnambool,2016.0,18083,833.7,40715,46103,2799,67.6,12725,24148,13483,127.5,288,9456,1008.1,43111,50920,0.441,6.6
26730,Warrnambool,2017.0,18010,868.9,42655,48245,2788,70.7,12673,25356,13545,130.9,247,9666,1054.4,44274,52491,0.446,7.1
26730,Warrnambool,2018.0,18390,996.7,44816,54199,2711,75.6,13672,27885,13730,136.9,247,9974,1187.4,46605,58079,0.465,11.7
26730,Warrnambool,2019.0,18876,975,46509,51655,2755,77.9,13600,28258,14264,140.8,200,9871,1188.3,48406,56942,0.435,7.6
26730,Warrnambool,2020.0,19186,1041.2,48627,54270,2833,82.2,13448,29003,14144,144.1,169,10188,1241.2,50144,58529,0.431,6.5
26730,Warrnambool,2021.0,-,-,-,-,-,-,-,-,-,-,-,-,-,-,-,-,-
26730,Warrnambool,2022.0,-,-,-,-,-,-,-,-,-,-,-,-,-,-,-,-,-
26810,Wellington,2011.0,-,-,-,-,-,-,-,-,-,-,-,-,-,-,-,-,-
26810,Wellington,2016.0,19556,1076.1,43578,55026,5046,62.9,6661,12471,15790,100.7,269,6380,1215.2,41724,53614,0.5,6.7
26810,Wellington,2017.0,19560,1075.4,44187,54980,5050,56.1,5999,11117,15687,95.1,231,6064,1208.1,41816,52790,0.501,6.6
26810,Wellington,2018.0,19874,1107.9,45790,55748,4976,52.6,5853,10568,15543,101.5,219,6528,1239.2,43267,53746,0.495,6.3
26810,Wellington,2019.0,20018,1164.9,48002,58195,4658,28,3995,6016,15884,128.1,160,8063,1292.4,44866,55943,0.506,7.7
26810,Wellington,2020.0,20622,1234.8,49656,59879,4983,40.2,4423,8067,15688,142,135,9050,1396.9,46503,58601,0.507,8.9
26810,Wellington,2021.0,-,-,-,-,-,-,-,-,-,-,-,-,-,-,-,-,-
26810,Wellington,2022.0,-,-,-,-,-,-,-,-,-,-,-,-,-,-,-,-,-
26890,West Wimmera,2011.0,-,-,-,-,-,-,-,-,-,-,-,-,-,-,-,-,-
26890,West Wimmera,2016.0,1660,64.8,34645,39035,1065,16.1,9506,15157,1831,12.5,683,6853,91.4,35140,39824,0.57,6
26890,West Wimmera,2017.0,1681,68.2,36388,40574,1137,35.8,17804,31491,1848,12.1,605,6530,114.4,41270,48516,0.493,6.5
26890,West Wimmera,2018.0,1691,69.2,36122,40909,1132,45.2,25099,39888,1855,12.4,594,6703,125.3,43252,53075,0.497,6.1
26890,West Wimmera,2019.0,1672,71.3,36887,42673,1124,78.4,37877,69761,1858,14.1,480,7579,162.5,50367,69704,0.51,7.7
26890,West Wimmera,2020.0,1673,77.2,41314,46174,1154,63.7,25387,55191,1815,14.8,646,8166,152.8,47573,64826,0.558,9.2
26890,West Wimmera,2021.0,-,-,-,-,-,-,-,-,-,-,-,-,-,-,-,-,-
26890,West Wimmera,2022.0,-,-,-,-,-,-,-,-,-,-,-,-,-,-,-,-,-
26980,Whitehorse,2011.0,-,-,-,-,-,-,-,-,-,-,-,-,-,-,-,-,-
26980,Whitehorse,2016.0,81242,4908.6,48132,60420,11491,284.2,11252,24731,74693,643.6,547,8617,5615.7,45726,60652,0.495,7.6
26980,Whitehorse,2017.0,84647,5185.2,48280,61257,12053,296.2,10595,24578,76307,653.2,475,8560,5926.2,45394,61061,0.502,7.9
26980,Whitehorse,2018.0,86650,5455.8,49882,62964,12597,308.3,10797,24477,78521,693.8,415,8836,6237.7,46165,62244,0.505,8
26980,Whitehorse,2019.0,88606,5735.5,51238,64730,13336,332.2,11096,24911,81700,738.8,345,9043,6584.3,47940,64169,0.502,7.9
26980,Whitehorse,2020.0,89594,5988.7,52721,66842,13739,343.9,10569,25031,80278,696.6,306,8677,6787.3,48608,65399,0.503,7.8
26980,Whitehorse,2021.0,-,-,-,-,-,-,-,-,-,-,-,-,-,-,-,-,-
26980,Whitehorse,2022.0,-,-,-,-,-,-,-,-,-,-,-,-,-,-,-,-,-
27070,Whittlesea,2011.0,-,-,-,-,-,-,-,-,-,-,-,-,-,-,-,-,-
27070,Whittlesea,2016.0,96752,5011.8,47298,51800,13131,245.7,13104,18711,67194,243.4,117,3622,5312,46482,51987,0.397,4.7
27070,Whittlesea,2017.0,102605,5439.4,48131,53013,14512,269.4,12224,18565,69693,267.6,100,3839,5802.8,47156,53188,0.401,4.9
27070,Whittlesea,2018.0,106198,5852.5,49882,55110,15167,295.3,13027,19470,71615,294.2,89,4107,6256.9,48592,55022,0.402,4.9
27070,Whittlesea,2019.0,110462,6298.9,51659,57023,16120,313.2,13104,19432,76763,304.6,65,3968,6731.3,50317,56713,0.401,4.7
27070,Whittlesea,2020.0,113861,6706.8,52884,58903,16660,318.4,12642,19113,75209,305.5,42,4062,7101.7,51170,58197,0.403,4.7
27070,Whittlesea,2021.0,-,-,-,-,-,-,-,-,-,-,-,-,-,-,-,-,-
27070,Whittlesea,2022.0,-,-,-,-,-,-,-,-,-,-,-,-,-,-,-,-,-
27170,Wodonga,2011.0,-,-,-,-,-,-,-,-,-,-,-,-,-,-,-,-,-
27170,Wodonga,2016.0,19885,1015.3,47413,51059,2583,56.7,10309,21963,14523,74.9,143,5154,1137.6,47461,52837,0.403,5.4
27170,Wodonga,2017.0,20671,1071.3,48373,51828,2676,57,12103,21295,14523,75.3,128,5183,1199.6,48356,53523,0.401,5.2
27170,Wodonga,2018.0,21208,1128.5,49538,53212,2710,60.7,11553,22408,14516,83,125,5718,1266.5,49253,54664,0.403,5.3
27170,Wodonga,2019.0,21560,1193.4,51365,55355,2676,61,9951,22804,15261,94.7,103,6203,1347.8,51267,57226,0.402,5.8
27170,Wodonga,2020.0,22089,1264.4,53368,57239,2764,60.3,9749,21822,14967,94,88,6283,1412.1,52498,58423,0.401,5.6
27170,Wodonga,2021.0,-,-,-,-,-,-,-,-,-,-,-,-,-,-,-,-,-
27170,Wodonga,2022.0,-,-,-,-,-,-,-,-,-,-,-,-,-,-,-,-,-
27260,Wyndham,2011.0,-,-,-,-,-,-,-,-,-,-,-,-,-,-,-,-,-
27260,Wyndham,2016.0,108270,6053.7,50442,55913,15366,278.6,11304,18134,72187,208.2,76,2884,6318.1,48741,55243,0.406,4.9
27260,Wyndham,2017.0,118666,6720.6,50891,56634,17537,319,10710,18191,76980,222.3,59,2887,7058.5,49242,56187,0.409,5.1
27260,Wyndham,2018.0,126622,7416.2,52127,58569,19230,347.5,11423,18070,82193,239.6,49,2915,7778.8,50282,57657,0.412,5
27260,Wyndham,2019.0,136214,8173.3,53477,60003,21722,409.9,11655,18872,90919,262.6,36,2889,8602,51594,59034,0.411,4.9
27260,Wyndham,2020.0,144331,8914.5,54596,61764,23412,438.9,11911,18745,90652,270.9,22,2989,9342.2,52327,60485,0.416,5
27260,Wyndham,2021.0,-,-,-,-,-,-,-,-,-,-,-,-,-,-,-,-,-
27260,Wyndham,2022.0,-,-,-,-,-,-,-,-,-,-,-,-,-,-,-,-,-
27350,Yarra,2011.0,-,-,-,-,-,-,-,-,-,-,-,-,-,-,-,-,-
27350,Yarra,2016.0,55698,3932.8,57107,70610,9175,329.7,9719,35939,43372,481.9,329,11112,4421.7,59284,78435,0.482,9.4
27350,Yarra,2017.0,59666,4315,58029,72320,9788,350.7,9690,35833,45485,515.8,290,11340,4927.3,60413,80951,0.489,10.4
27350,Yarra,2018.0,60617,4595.1,61028,75806,9960,379.8,9410,38130,46721,536.6,276,11486,5208.2,63503,83781,0.483,9.5
27350,Yarra,2019.0,61888,4891.8,64108,79043,10201,393.8,10197,38608,48578,597.5,255,12299,5563.6,66659,87597,0.477,9.8
27350,Yarra,2020.0,61458,5095.4,67032,82909,10120,392.5,9847,38782,47357,572.4,221,12087,5709.4,69025,90530,0.477,9.8
27350,Yarra,2021.0,-,-,-,-,-,-,-,-,-,-,-,-,-,-,-,-,-
27350,Yarra,2022.0,-,-,-,-,-,-,-,-,-,-,-,-,-,-,-,-,-
27450,Yarra Ranges,2011.0,-,-,-,-,-,-,-,-,-,-,-,-,-,-,-,-,-
27450,Yarra Ranges,2016.0,79538,4259.5,46816,53554,13815,292.6,13384,21180,62367,482.4,205,7735,4843,46383,55154,0.437,6.6
27450,Yarra Ranges,2017.0,81293,4475.5,48073,55054,14216,307.7,13044,21647,63258,478.6,180,7566,5092.1,47473,56299,0.434,6.1
27450,Yarra Ranges,2018.0,82246,4714.9,49867,57327,14245,322.7,13017,22654,64048,562.3,169,8780,5410.1,49136,58887,0.439,7
27450,Yarra Ranges,2019.0,82877,4932,51977,59509,14027,328.8,13146,23441,65291,614.9,137,9418,5673.9,51360,61470,0.436,7.2
27450,Yarra Ranges,2020.0,83700,5175.2,53719,61830,14057,304.8,11963,21681,62880,586.1,110,9322,5823.9,52188,62658,0.438,6.9
27450,Yarra Ranges,2021.0,-,-,-,-,-,-,-,-,-,-,-,-,-,-,-,-,-
27450,Yarra Ranges,2022.0,-,-,-,-,-,-,-,-,-,-,-,-,-,-,-,-,-
27630,Yarriambiack,2011.0,-,-,-,-,-,-,-,-,-,-,-,-,-,-,-,-,-
27630,Yarriambiack,2016.0,2617,103.5,35547,39543,1147,12.3,5593,10738,2720,18.9,770,6949,132.6,33658,38391,0.551,5.9
27630,Yarriambiack,2017.0,2707,112.5,37095,41548,1261,49.8,20403,39524,2795,21.9,704,7842,184,40701,50792,0.491,6.5
27630,Yarriambiack,2018.0,2744,117.2,38951,42714,1294,73.4,30000,56687,2711,22.2,809,8180,210.7,45898,58129,0.485,7
27630,Yarriambiack,2019.0,2638,119.2,42200,45181,1106,41.6,19117,37598,2568,22.7,696,8838,180.7,44256,52536,0.509,6.2
27630,Yarriambiack,2020.0,2755,130.1,43791,47241,1258,87.5,39512,69564,2584,23.2,614,8970,236.3,50362,65589,0.497,6.7
27630,Yarriambiack,2021.0,-,-,-,-,-,-,-,-,-,-,-,-,-,-,-,-,-
27630,Yarriambiack,2022.0,-,-,-,-,-,-,-,-,-,-,-,-,-,-,-,-,-
29399,Unincorporated Vic,2011.0,-,-,-,-,-,-,-,-,-,-,-,-,-,-,-,-,-
29399,Unincorporated Vic,2016.0,427,9.5,13841,22271,72,0.8,5815,10805,194,1.3,250,6523,-,-,-,-,-
29399,Unincorporated Vic,2017.0,486,12.1,14858,24851,-,-,-,-,198,1.1,146,5599,-,-,-,-,-
29399,Unincorporated Vic,2018.0,544,13.4,15933,24661,61,0.5,2981,8466,194,1.5,208,7533,-,-,-,-,-
29399,Unincorporated Vic,2019.0,541,14.1,16809,26014,60,0.3,2964,5479,194,1.6,117,8267,13.7,20916,32581,0.48,-
29399,Unincorporated Vic,2020.0,476,13.8,18260,29082,61,0.6,5593,9886,181,1.3,254,7060,12.8,25004,34854,0.432,-
29399,Unincorporated Vic,2021.0,-,-,-,-,-,-,-,-,-,-,-,-,-,-,-,-,-
29399,Unincorporated Vic,2022.0,-,-,-,-,-,-,-,-,-,-,-,-,-,-,-,-,-
