SA2 name,2023 no,2022-23 no,2022-23 %,Natural increase,Net internal migration,Net overseas migration,Area (km2),persons/km2
Alfredton,18997,995,5.5,140,695,160,52.7,360.4
Ballarat,11809,-129,-1.1,-57,-213,141,12.4,954.0
Buninyong,7323,76,1.0,15,-19,80,51.6,142.0
Delacombe,12869,1071,9.1,133,898,40,34.2,376.7
Smythes Creek,4268,45,1.1,11,31,3,104.7,40.8
Wendouree - Miners Rest,15431,43,0.3,34,-100,109,67.6,228.4
Ballarat East - Warrenheip,9628,-13,-0.1,-68,-3,58,19.2,501.0
Ballarat North - Invermay,15015,123,0.8,51,-11,83,73.1,205.3
Canadian - Mount Clear,12433,38,0.3,18,-127,147,22.3,558.2
Sebastopol - Redan,12885,-75,-0.6,7,-142,60,10.6,1217.7
Bacchus Marsh Surrounds,6639,98,1.5,32,49,17,1038.8,6.4
Creswick - Clunes,7987,18,0.2,-15,12,21,856.8,9.3
Daylesford,10085,82,0.8,-29,41,70,920.8,11.0
Gordon (Vic.),6408,29,0.5,35,-23,17,850.3,7.5
Avoca,3594,52,1.5,-19,60,11,1714.2,2.1
Beaufort,4709,97,2.1,0,87,10,1863.0,2.5
Golden Plains - North,4940,46,0.9,19,16,11,922.1,5.4
Maryborough (Vic.),8154,-18,-0.2,-79,38,23,45.5,179.1
Maryborough Surrounds,5644,79,1.4,-26,88,17,1627.6,3.5
Bendigo,14625,-123,-0.8,-30,-252,159,16.1,909.5
California Gully - Eaglehawk,13310,208,1.6,53,95,60,32.9,404.2
East Bendigo - Kennington,13974,84,0.6,-42,24,102,17.1,814.9
Flora Hill - Spring Gully,9460,77,0.8,16,-29,90,13.2,716.5
Kangaroo Flat - Golden Square,21258,57,0.3,16,-97,138,40.9,519.6
Maiden Gully,5749,135,2.4,43,79,13,43.0,133.8
Strathfieldsaye,11271,244,2.2,85,132,27,56.4,199.8
White Hills - Ascot,15236,330,2.2,158,90,82,67.8,224.8
Bendigo Surrounds - South,8808,234,2.7,60,148,26,796.9,11.1
Castlemaine,11495,148,1.3,-40,117,71,83.9,137.0
Castlemaine Surrounds,9397,99,1.1,-17,81,35,1515.0,6.2
Heathcote,5261,104,2.0,-12,107,9,756.8,7.0
Kyneton,10571,9,0.1,-39,-17,65,556.5,19.0
Woodend,8044,52,0.7,-17,24,45,211.9,38.0
Bendigo Surrounds - North,5154,132,2.6,12,113,7,1440.2,3.6
Loddon,7256,-18,-0.2,-33,-13,28,6193.3,1.2
Bannockburn,8143,185,2.3,41,121,23,192.1,42.4
Golden Plains - South,8467,221,2.7,66,132,23,1484.5,5.7
Winchelsea,6781,106,1.6,53,30,23,903.3,7.5
Belmont,14993,44,0.3,46,-186,184,9.4,1600.5
Geelong,13649,106,0.8,-9,-149,264,12.8,1064.9
Geelong West - Hamlyn Heights,21846,469,2.2,192,25,252,32.0,681.9
Highton,25142,549,2.2,118,75,356,40.6,619.5
Lara,22090,725,3.4,181,397,147,588.6,37.5
Leopold,13516,186,1.4,30,85,71,27.9,483.9
Newcomb - Moolap,15197,-94,-0.6,-55,-118,79,43.3,351.0
Newtown (Vic.),10362,57,0.6,47,-150,160,5.8,1784.2
North Geelong - Bell Park,15718,-3,0.0,-14,-143,154,21.9,716.7
Charlemont,12731,868,7.3,171,627,70,18.1,702.7
Corio - Lovely Banks,18401,147,0.8,105,-208,250,74.4,247.5
Grovedale - Mount Duneed,26663,833,3.2,145,470,218,37.6,709.3
Norlane,8950,-1,0.0,22,-134,111,6.5,1384.9
Clifton Springs,17514,396,2.3,57,283,56,65.1,268.8
Lorne - Anglesea,6215,-58,-0.9,-21,-89,52,448.0,13.9
Portarlington,10282,354,3.6,-58,381,31,71.9,143.1
Point Lonsdale - Queenscliff,5725,130,2.3,-57,155,32,61.7,92.8
Torquay,26034,568,2.2,108,227,233,126.3,206.1
Barwon Heads - Armstrong Creek,13295,1093,9.0,161,847,85,88.2,150.7
Ocean Grove,20220,370,1.9,47,204,119,68.8,294.0
Alexandra,6836,42,0.6,-42,45,39,2119.0,3.2
Euroa,6862,-22,-0.3,-47,2,23,2057.9,3.3
Kilmore - Broadford,16130,351,2.2,74,183,94,461.5,34.9
Mansfield (Vic.),10905,222,2.1,1,125,96,3927.9,2.8
Nagambie,4716,81,1.7,-18,63,36,1294.3,3.6
Seymour,6665,88,1.3,-17,25,80,79.3,84.0
Seymour Surrounds,4566,-18,-0.4,18,-85,49,1688.8,2.7
Upper Yarra Valley,247,3,1.2,3,0,0,856.3,0.3
Yea,4297,40,0.9,2,25,13,1474.3,2.9
Benalla,10799,54,0.5,-100,131,23,315.3,34.2
Benalla Surrounds,3809,13,0.3,2,1,10,2105.3,1.8
Rutherglen,4116,60,1.5,6,36,18,479.8,8.6
Wangaratta,19969,0,0.0,-63,-33,96,57.6,346.8
Wangaratta Surrounds,10033,87,0.9,33,27,27,3587.5,2.8
Beechworth,4935,23,0.5,-13,19,17,371.3,13.3
Bright - Mount Beauty,8915,10,0.1,0,-62,72,4253.7,2.1
Chiltern - Indigo Valley,3230,30,0.9,12,15,3,513.1,6.3
Myrtleford,4663,-33,-0.7,-16,-37,20,553.4,8.4
Towong,6213,45,0.7,-3,22,26,6668.9,0.9
West Wodonga,15584,113,0.7,45,-21,89,153.9,101.3
Yackandandah,5455,126,2.4,22,91,13,708.2,7.7
Baranduda - Leneva,13878,513,3.8,103,319,91,248.8,55.8
Wodonga,14814,-66,-0.4,69,-256,121,30.3,488.7
Drouin,21180,638,3.1,125,451,62,326.8,64.8
Mount Baw Baw Region,6689,55,0.8,6,26,23,2753.3,2.4
Trafalgar (Vic.),8488,37,0.4,7,7,23,501.5,16.9
Warragul,24417,630,2.6,70,445,115,352.2,69.3
Alps - East,0,0,0.0,0,0,0,2071.3,0.0
Bairnsdale,15819,39,0.2,-25,1,63,155.0,102.1
Bruthen - Omeo,8499,93,1.1,14,54,25,7377.4,1.2
Lake King,0,0,0.0,0,0,0,93.9,0.0
Lakes Entrance,11251,68,0.6,-45,78,35,214.0,52.6
Orbost,6685,-12,-0.2,-24,-3,15,11383.7,0.6
Paynesville,7051,57,0.8,-53,82,28,417.9,16.9
Foster,9507,65,0.7,-10,23,52,1498.8,6.3
French Island,140,-3,-2.1,0,-3,0,170.2,0.8
Korumburra,9894,-23,-0.2,7,-57,27,600.7,16.5
Leongatha,11643,81,0.7,-30,58,53,801.0,14.5
Phillip Island,14273,199,1.4,-55,176,78,100.6,141.9
Wilsons Promontory,15,0,0.0,0,0,0,481.5,0.0
Wonthaggi - Inverloch,28254,714,2.6,-50,651,113,728.8,38.8
Churchill,12095,113,0.9,58,-19,74,796.5,15.2
Moe - Newborough,17350,29,0.2,-97,55,71,105.3,164.8
Morwell,14455,29,0.2,-1,-36,66,85.5,169.1
Yallourn North - Glengarry,4820,85,1.8,35,41,9,342.7,14.1
Traralgon - East,12202,69,0.6,-6,13,62,108.3,112.6
Traralgon - West,17082,119,0.7,78,-79,120,41.3,413.2
Alps - West,23,0,0.0,0,0,0,2955.7,0.0
Longford - Loch Sport,4966,16,0.3,-9,-2,27,1610.8,3.1
Maffra,15178,241,1.6,44,117,80,2532.3,6.0
Rosedale,4888,18,0.4,20,-18,16,968.5,5.0
Sale,15363,34,0.2,4,-94,124,45.6,336.9
Yarram,5580,-8,-0.1,-43,19,16,1931.9,2.9
Brunswick East,13765,456,3.4,84,-187,559,2.2,6348.6
Brunswick West,15196,499,3.4,38,-114,575,3.2,4779.4
Pascoe Vale South,10628,208,2.0,25,-9,192,3.0,3556.1
Brunswick - North,14057,791,6.0,49,165,577,2.4,5835.0
Brunswick - South,14273,895,6.7,64,166,665,2.7,5221.7
Coburg - East,13542,583,4.5,79,10,494,3.7,3614.0
Coburg - West,14527,415,2.9,55,19,341,3.2,4557.3
Alphington - Fairfield,9491,328,3.6,41,41,246,2.9,3289.4
Thornbury,19615,426,2.2,83,-83,426,5.0,3925.2
Northcote - East,15558,416,2.7,64,-16,368,3.5,4428.2
Northcote - West,10731,244,2.3,27,-53,270,2.6,4077.7
Ascot Vale,15728,537,3.5,118,7,412,3.8,4100.0
Flemington,9782,583,6.3,62,-79,600,1.6,6188.0
Moonee Ponds,17203,612,3.7,35,79,498,4.4,3950.1
Essendon (West) - Aberfeldie,16628,443,2.7,19,12,412,4.9,3401.4
Essendon - East,12664,367,3.0,26,-75,416,3.6,3563.0
Carlton,21376,3319,18.4,2,-405,3722,1.8,11753.5
Docklands,17723,1232,7.5,103,-423,1552,2.4,7251.6
East Melbourne,5100,211,4.3,-8,-12,231,2.9,1758.7
Flemington Racecourse,78,0,0.0,0,0,0,1.7,45.6
Kensington (Vic.),11404,393,3.6,87,-85,391,2.1,5311.6
Parkville,8003,528,7.1,-37,-137,702,4.0,1976.5
South Yarra - West,6789,216,3.3,-42,-48,306,1.5,4517.9
West Melbourne - Industrial,0,0,0.0,0,0,0,6.2,0.0
Melbourne CBD - East,12408,1721,16.1,27,-213,1907,0.8,15471.3
Melbourne CBD - North,21566,2690,14.3,48,-401,3043,0.6,38401.0
Melbourne CBD - West,20027,2684,15.5,62,24,2598,1.0,19925.4
North Melbourne,18017,1408,8.5,57,-318,1669,2.4,7430.3
Royal Botanic Gardens Victoria,0,0,0.0,0,0,0,1.4,0.0
Southbank (West) - South Wharf,7418,591,8.7,40,-130,681,0.8,8731.2
Southbank - East,18748,1376,7.9,113,-259,1522,0.8,23318.4
West Melbourne - Residential,8724,698,8.7,46,-15,667,0.8,10578.4
Albert Park,16861,684,4.2,71,-114,727,4.7,3606.9
Elwood,15459,571,3.8,114,-188,645,2.6,6055.2
Port Melbourne,16782,392,2.4,88,-236,540,2.8,6016.3
St Kilda East,16758,753,4.7,120,-200,833,2.4,6943.4
Port Melbourne Industrial,2493,264,11.8,18,179,67,7.6,326.2
South Melbourne,12512,628,5.3,13,-76,691,1.9,6621.2
St Kilda - Central,13186,930,7.6,74,-16,872,1.5,8576.3
St Kilda - West,15480,1198,8.4,-19,-69,1286,2.4,6549.1
Armadale,9769,393,4.2,8,46,339,2.2,4474.0
Prahran - Windsor,20268,977,5.1,76,-177,1078,2.9,6976.2
Toorak,13337,210,1.6,3,-181,388,4.3,3084.9
South Yarra - North,12938,1140,9.7,52,-31,1119,1.2,11061.9
South Yarra - South,10508,550,5.5,58,-227,719,1.3,7798.1
Abbotsford,10008,495,5.2,54,-41,482,1.7,5750.1
Carlton North - Princes Hill,8531,373,4.6,46,-77,404,2.3,3702.4
Collingwood,10485,806,8.3,58,170,578,1.3,8276.1
Fitzroy,11484,672,6.2,69,-31,634,1.4,8334.4
Fitzroy North,13382,409,3.2,-2,-92,503,2.5,5341.9
Clifton Hill - Alphington,10973,693,6.7,79,238,376,5.2,2106.6
Richmond (South) - Cremorne,18684,827,4.6,114,-38,751,4.3,4356.2
Richmond - North,14884,811,5.8,74,-84,821,1.9,7738.8
Ashburton (Vic.),8160,208,2.6,-26,63,171,2.8,2876.7
Balwyn,16725,406,2.5,-51,-240,697,5.6,2994.6
Balwyn North,21883,561,2.6,-11,-181,753,8.8,2472.9
Camberwell,21813,527,2.5,-78,-53,658,7.3,2991.4
Glen Iris - East,17228,338,2.0,61,-61,338,5.7,3019.9
Hawthorn East,16878,763,4.7,15,67,681,3.8,4413.7
Kew East,6636,64,1.0,3,-106,167,4.0,1652.6
Surrey Hills (West) - Canterbury,16182,274,1.7,-25,-79,378,5.7,2837.7
Hawthorn - North,10560,505,5.0,56,-7,456,2.5,4300.0
Hawthorn - South,12921,637,5.2,-11,-74,722,3.2,4017.3
Kew - South,12113,372,3.2,-15,37,350,4.3,2801.7
Kew - West,13438,250,1.9,-13,-137,400,6.2,2163.7
Bulleen,11647,213,1.9,11,-36,238,6.7,1745.9
Doncaster,26905,1222,4.8,64,1,1157,8.8,3066.5
Templestowe,17457,293,1.7,-98,-34,425,16.1,1083.1
Templestowe Lower,14445,99,0.7,-81,-78,258,5.9,2432.4
Doncaster East - North,16178,391,2.5,-29,-145,565,6.4,2526.6
Doncaster East - South,16300,575,3.7,24,-183,734,4.8,3418.3
Blackburn,22928,597,2.7,25,-18,590,8.6,2663.7
Blackburn South,11047,97,0.9,-23,-104,224,3.6,3071.5
Box Hill,25286,1457,6.1,22,-338,1773,7.0,3605.9
Box Hill North,19021,625,3.4,78,-252,799,6.2,3063.6
Burwood (Vic.),14001,1069,8.3,27,-237,1279,5.0,2778.4
Burwood East,11885,789,7.1,6,205,578,4.3,2788.0
Surrey Hills (East) - Mont Albert,10645,319,3.1,5,-7,321,3.3,3198.7
Beaumaris,14227,201,1.4,-8,-24,233,6.0,2384.0
Brighton (Vic.),23547,622,2.7,-41,-28,691,8.2,2871.4
Brighton East,17045,318,1.9,-67,-13,398,5.6,3039.2
Highett (West) - Cheltenham,12764,213,1.7,45,-70,238,5.3,2399.3
Hampton,18828,320,1.7,45,-189,464,5.7,3312.0
Sandringham - Black Rock,17861,357,2.0,-59,59,357,6.4,2777.7
Bentleigh - McKinnon,26178,707,2.8,45,-32,694,6.2,4205.8
Carnegie,20080,1141,6.0,49,43,1049,3.8,5278.0
Caulfield - North,23932,870,3.8,78,-65,857,6.4,3728.4
Caulfield - South,18653,412,2.3,-51,-75,538,4.7,3933.1
Elsternwick,12455,334,2.8,58,-73,349,2.9,4352.5
Hughesdale,7933,269,3.5,30,-60,299,2.0,3947.7
Murrumbeena,9781,235,2.5,54,-169,350,2.5,3889.4
Ormond - Glen Huntly,14038,612,4.6,64,-340,888,2.9,4779.5
Bentleigh East - North,17258,360,2.1,62,-90,388,4.6,3752.6
Bentleigh East - South,14462,342,2.4,52,30,260,4.6,3152.0
Aspendale Gardens - Waterways,9012,100,1.1,4,-51,147,5.3,1698.0
Braeside,28,0,0.0,0,0,0,9.1,3.1
Carrum - Patterson Lakes,12352,178,1.5,31,-6,153,5.8,2120.8
Chelsea - Bonbeach,15601,240,1.6,24,16,200,5.4,2876.8
Chelsea Heights,5379,4,0.1,20,-66,50,3.2,1683.1
Highett (East) - Cheltenham,25282,727,3.0,52,135,540,8.7,2893.5
Edithvale - Aspendale,13915,254,1.9,83,0,171,5.1,2728.4
Mentone,13727,357,2.7,17,-10,350,4.5,3084.7
Moorabbin - Heatherton,9426,206,2.2,21,-102,287,11.7,805.7
Moorabbin Airport,26,0,0.0,0,0,0,3.1,8.5
Mordialloc - Parkdale,21889,470,2.2,40,-50,480,8.0,2747.1
Malvern - Glen Iris,21348,789,3.8,40,-11,760,6.2,3468.3
Malvern East,23167,752,3.4,-20,-132,904,7.6,3061.7
Bundoora - East,10024,183,1.9,10,-126,299,4.1,2459.9
Greensborough,20980,125,0.6,67,-202,260,10.1,2077.8
Heidelberg - Rosanna,16598,281,1.7,-5,-120,406,6.4,2605.0
Heidelberg West,15847,562,3.7,116,69,377,6.7,2368.3
Ivanhoe,12924,336,2.7,-7,40,303,5.0,2559.3
Ivanhoe East - Eaglemont,7977,165,2.1,9,26,130,4.3,1865.1
Montmorency - Briar Hill,16852,210,1.3,81,-45,174,12.0,1401.1
Viewbank - Yallambie,19039,205,1.1,38,-169,336,10.2,1859.7
Watsonia,9361,108,1.2,81,-81,108,3.8,2472.7
Kingsbury,11698,926,8.6,-5,-94,1025,9.0,1298.4
Preston - East,22012,885,4.2,118,-13,780,7.7,2841.8
Preston - West,13149,383,3.0,56,-47,374,3.6,3685.4
Reservoir - North East,15463,503,3.4,64,-119,558,4.8,3229.5
Reservoir - North West,9809,95,1.0,-30,-57,182,4.5,2165.5
Reservoir - South East,13429,406,3.1,55,-99,450,4.2,3214.0
Reservoir - South West,14728,466,3.3,71,-161,556,5.6,2618.5
Eltham,23509,-15,-0.1,69,-319,235,19.5,1206.3
Hurstbridge,3529,-13,-0.4,10,-40,17,14.8,237.8
Kinglake,4353,44,1.0,28,13,3,319.5,13.6
Panton Hill - St Andrews,5129,-33,-0.6,15,-84,36,292.2,17.6
Plenty - Yarrambat,9570,135,1.4,-21,84,72,29.1,328.7
Research - North Warrandyte,6979,10,0.1,30,-84,64,49.8,140.2
Wattle Glen - Diamond Creek,14548,114,0.8,94,-61,81,26.8,542.3
Bundoora - North,7773,282,3.8,32,-85,335,4.7,1648.6
Bundoora - West,6538,233,3.7,13,-64,284,2.6,2553.8
Mill Park - North,17449,128,0.7,69,-232,291,8.1,2144.6
Mill Park - South,11288,121,1.1,73,-158,206,4.9,2289.7
Thomastown,20197,205,1.0,82,-419,542,14.7,1375.3
Wallan,26304,1624,6.6,365,1099,160,507.7,51.8
Whittlesea,14020,1684,13.7,132,1453,99,298.0,47.1
Epping - East,13354,184,1.4,63,-167,288,7.8,1718.9
Epping - South,8301,216,2.7,-6,-32,254,15.9,523.0
Epping (Vic.) - West,12699,296,2.4,155,-159,300,7.4,1726.0
South Morang - North,12879,175,1.4,116,-124,183,13.7,939.4
South Morang - South,12588,178,1.4,28,-69,219,7.7,1625.4
Wollert,30758,2514,8.9,593,1452,469,53.9,570.7
Doreen - North,17110,398,2.4,165,66,167,9.4,1812.6
Doreen - South,11494,393,3.5,203,96,94,5.0,2288.6
Lalor - East,9963,120,1.2,44,-222,298,3.3,2998.0
Lalor - West,13819,177,1.3,72,-165,270,8.7,1581.8
Mernda - North,11775,117,1.0,126,-170,161,15.2,774.9
Mernda - South,13024,465,3.7,193,55,217,8.6,1509.7
Airport West,8464,169,2.0,45,11,113,3.7,2275.6
Essendon Airport,14,0,0.0,0,0,0,3.4,4.2
Keilor,8562,21,0.2,-8,-38,67,17.5,488.9
Niddrie - Essendon West,7797,224,3.0,57,34,133,2.8,2782.0
Strathmore,10323,139,1.4,20,-12,131,4.1,2490.8
Avondale Heights,12570,177,1.4,-79,32,224,5.4,2324.0
Keilor East,15312,116,0.8,-8,-50,174,5.5,2792.7
Gisborne,14905,449,3.1,76,268,105,211.1,70.6
Macedon,3590,9,0.3,17,-27,19,73.0,49.2
Riddells Creek,4561,22,0.5,35,-42,29,83.4,54.7
Romsey,11268,178,1.6,113,10,55,624.7,18.0
Coburg North,8826,213,2.5,20,-26,219,4.9,1809.4
Fawkner,14707,515,3.6,123,-155,547,5.1,2892.3
Gowanbrae,3191,57,1.8,14,11,32,1.5,2095.9
Hadfield,6525,147,2.3,73,-27,101,3.1,2139.2
Glenroy - East,15431,561,3.8,120,-117,558,6.2,2470.0
Glenroy - West,9349,327,3.6,35,-151,443,2.6,3580.8
Oak Park,8289,182,2.2,66,-151,267,2.4,3522.3
Pascoe Vale,17934,458,2.6,116,-133,475,4.6,3872.6
Sunbury,14231,386,2.8,83,197,106,129.5,109.9
Diggers Rest,6443,603,10.3,127,432,44,51.9,124.2
Sunbury - South,16043,558,3.6,59,355,144,41.4,387.0
Sunbury - West,11380,233,2.1,122,29,82,37.8,301.1
Broadmeadows,14343,395,2.8,120,-341,616,8.8,1624.9
Campbellfield - Coolaroo,16220,338,2.1,100,-243,481,18.2,891.9
Gladstone Park - Westmeadows,18180,186,1.0,55,-149,280,13.9,1304.5
Greenvale - Bulla,24613,1087,4.6,256,567,264,95.9,256.6
Meadow Heights,14879,234,1.6,133,-299,400,4.6,3216.9
Melbourne Airport,130,0,0.0,0,0,0,30.4,4.3
Tullamarine,6582,67,1.0,40,-132,159,3.9,1705.4
Craigieburn - Central,8134,147,1.8,65,-209,291,4.0,2049.6
Craigieburn - North,12685,254,2.0,139,-253,368,13.4,950.1
Craigieburn - South,23482,896,4.0,260,39,597,11.9,1970.9
Mickleham - Yuroke,31976,3408,11.9,722,2340,346,70.8,451.4
Craigieburn - North West,10765,388,3.7,203,-167,352,1.9,5607.4
Craigieburn - West,14250,607,4.4,171,-63,499,4.1,3485.0
Roxburgh Park (South) - Somerton,9683,174,1.8,78,-229,325,8.9,1090.9
Roxburgh Park - North,15185,224,1.5,122,-240,342,3.4,4448.1
Bayswater,13029,321,2.5,48,-3,276,8.0,1619.8
Knoxfield - Scoresby,17027,319,1.9,78,-45,286,15.3,1115.4
Lysterfield,6573,4,0.1,26,-83,61,18.5,355.4
Rowville - Central,15702,239,1.5,40,-32,231,8.2,1914.8
Rowville - North,7847,38,0.5,21,-104,121,4.2,1882.3
Rowville - South,10479,86,0.8,64,-111,133,9.4,1120.4
Wantirna,14519,300,2.1,-20,-6,326,8.3,1747.9
Wantirna South,18164,190,1.1,-50,-195,435,13.4,1360.0
Boronia,24196,346,1.5,60,-21,307,11.3,2148.3
Ferntree Gully - North,14385,151,1.1,55,-40,136,7.0,2059.4
Ferntree Gully (South) - Upper Ferntree Gully,15571,222,1.4,104,-20,138,9.1,1701.8
The Basin,4316,2,0.0,18,-42,26,5.7,755.0
Donvale - Park Orchards,16511,106,0.6,-77,-59,242,20.8,793.7
Warrandyte - Wonga Park,10139,49,0.5,-6,-41,96,45.8,221.6
Bayswater North,11921,82,0.7,30,-61,113,9.9,1203.0
Croydon Hills - Warranwood,18326,174,1.0,54,-66,186,9.5,1930.7
Ringwood,19317,340,1.8,39,-209,510,9.9,1949.1
Ringwood East,21461,199,0.9,77,-301,423,9.4,2284.8
Ringwood North,9700,35,0.4,13,-105,127,4.7,2050.4
Croydon - East,16594,379,2.3,99,23,257,8.1,2049.1
Croydon - West,14605,398,2.8,22,158,218,6.8,2148.5
Croydon South,5046,69,1.4,47,-47,69,2.9,1766.8
Forest Hill,11023,156,1.4,-8,-163,327,4.1,2708.2
Mitcham (Vic.),17319,302,1.8,103,-212,411,6.6,2613.4
Nunawading,12927,325,2.6,19,-93,399,5.1,2545.4
Vermont,11150,157,1.4,-9,-131,297,4.6,2418.8
Vermont South,12181,135,1.1,-81,-117,333,6.2,1969.8
Belgrave - Selby,9961,-29,-0.3,55,-162,78,55.7,179.0
Chirnside Park,12392,305,2.5,104,90,111,22.2,558.1
Healesville - Yarra Glen,14121,21,0.1,18,-73,76,369.5,38.2
Kilsyth,10351,246,2.4,56,129,61,8.2,1255.8
Lilydale - Coldstream,20043,134,0.7,109,-96,121,109.4,183.2
Monbulk - Silvan,5807,12,0.2,21,-53,44,68.6,84.7
Montrose,6928,-34,-0.5,-30,-47,43,10.5,657.1
Mooroolbark,23985,378,1.6,153,19,206,12.5,1912.2
Mount Dandenong - Olinda,9633,-9,-0.1,37,-135,89,81.9,117.6
Mount Evelyn,9919,112,1.1,83,-32,61,17.0,583.8
Upwey - Tecoma,9777,45,0.5,75,-112,82,8.9,1099.7
Wandin - Seville,7989,39,0.5,72,-64,31,111.8,71.5
Yarra Valley,16963,6,0.0,85,-142,63,729.8,23.2
Emerald - Cockatoo,18911,170,0.9,84,-6,92,371.6,50.9
Beaconsfield - Officer,26967,1192,4.6,362,573,257,33.3,811.0
Bunyip - Garfield,10193,130,1.3,29,63,38,366.0,27.9
Koo Wee Rup,11523,709,6.6,132,519,58,414.7,27.8
Pakenham - North East,16028,235,1.5,220,-116,131,18.9,846.7
Pakenham - North West,8808,705,8.7,140,485,80,24.7,356.9
Pakenham - South East,6689,88,1.3,55,-45,78,30.9,216.2
Pakenham - South West,27999,546,2.0,275,-109,380,22.3,1256.8
Berwick - North,23563,487,2.1,-2,100,389,19.7,1193.2
Doveton,12515,346,2.8,122,-169,393,5.2,2409.7
Hallam,11765,185,1.6,47,-209,347,8.1,1460.3
Narre Warren North,8206,-30,-0.4,-13,-102,85,34.4,238.5
Endeavour Hills - North,12048,-29,-0.2,35,-257,193,14.5,832.4
Endeavour Hills - South,13506,197,1.5,88,-161,270,5.6,2417.3
Narre Warren - North East,13656,156,1.2,116,-163,203,4.9,2801.8
Narre Warren - South West,15266,311,2.1,124,-249,436,9.3,1640.6
Berwick - South East,19159,781,4.2,145,317,319,9.9,1938.5
Berwick - South West,12125,472,4.1,120,147,205,5.0,2439.0
Cranbourne,22034,418,1.9,202,-179,395,13.0,1691.4
Cranbourne South,21862,2135,10.8,385,1567,183,81.7,267.7
Cranbourne West,23813,854,3.7,350,137,367,12.9,1846.3
Lynbrook - Lyndhurst,19029,381,2.0,172,-266,475,7.4,2586.1
Pearcedale - Tooradin,8142,38,0.5,50,-33,21,98.5,82.7
Narre Warren South - East,13162,-6,0.0,69,-249,174,6.2,2115.9
Narre Warren South - West,17099,322,1.9,178,-264,408,6.8,2523.1
Clyde North - North,12529,827,7.1,155,488,184,6.9,1820.2
Clyde North - South,20688,2679,14.9,458,2039,182,19.7,1052.6
Cranbourne East - North,24860,591,2.4,345,-241,487,11.0,2254.8
Cranbourne East - South,14472,807,5.9,240,365,202,5.3,2716.6
Cranbourne North - East,13578,307,2.3,181,-178,304,5.5,2489.3
Cranbourne North - West,12193,207,1.7,137,-148,218,4.8,2548.2
Hampton Park - East,13136,293,2.3,138,-253,408,8.2,1598.3
Hampton Park - West,13704,277,2.1,132,-250,395,5.1,2674.8
Clarinda - Oakleigh South,11674,174,1.5,-43,-72,289,6.3,1846.4
Clayton South,14740,791,5.7,67,-213,937,7.9,1856.9
Dandenong North,22908,343,1.5,71,-354,626,9.5,2421.8
Dingley Village,10673,116,1.1,8,-11,119,7.2,1473.4
Noble Park North,7592,126,1.7,37,-71,160,3.8,2020.5
Springvale,23509,870,3.8,102,-477,1245,11.1,2116.9
Springvale South,12828,365,2.9,52,-182,495,4.6,2813.2
Noble Park - East,13362,494,3.8,51,-227,670,3.8,3547.0
Noble Park - West,20206,524,2.7,76,-390,838,4.8,4214.3
Dandenong - North,22193,809,3.8,153,-637,1293,8.0,2760.0
Dandenong - South,9826,268,2.8,139,-322,451,53.8,182.7
Keysborough - North,15119,113,0.8,40,-251,324,6.6,2288.9
Keysborough - South,16249,586,3.7,122,78,386,23.7,686.4
Ashwood - Chadstone,20600,523,2.6,92,-387,818,6.7,3070.6
Glen Waverley - East,22429,674,3.1,-4,-339,1017,9.2,2447.4
Glen Waverley - West,22533,988,4.6,-34,-247,1269,7.7,2935.6
Mount Waverley - North,16796,494,3.0,29,-244,709,6.5,2590.4
Mount Waverley - South,20236,628,3.2,-14,-115,757,8.7,2325.8
Mulgrave,20690,458,2.3,46,-175,587,10.7,1930.2
Oakleigh - Huntingdale,24439,881,3.7,80,-231,1032,10.2,2403.0
Wheelers Hill,20973,282,1.4,-190,-20,492,10.4,2009.0
Clayton (North) - Notting Hill,12753,2018,18.8,-3,-228,2249,5.2,2438.8
Clayton - Central,14178,1264,9.8,12,-434,1686,4.2,3390.3
Ardeer - Albion,7711,231,3.1,48,-140,323,4.6,1680.6
Cairnlea,10101,89,0.9,67,-154,176,4.4,2292.5
Delahey,8019,-20,-0.2,12,-177,145,3.5,2287.5
Keilor Downs,13011,21,0.2,38,-202,185,7.7,1698.6
Kings Park (Vic.),13879,34,0.2,46,-305,293,4.4,3131.3
St Albans - North,20760,425,2.1,114,-436,747,6.5,3182.8
St Albans - South,17496,362,2.1,36,-296,622,6.3,2792.8
Sunshine,9940,311,3.2,36,-194,469,4.7,2100.6
Sunshine North,12214,224,1.9,37,-133,320,8.0,1522.2
Sunshine West,18572,265,1.4,87,-297,475,13.0,1432.1
Sydenham,11804,198,1.7,18,-205,385,3.9,2989.9
Taylors Lakes,16927,156,0.9,50,-84,190,18.5,916.8
Deer Park,18202,212,1.2,174,-436,474,8.1,2253.6
Derrimut,8851,125,1.4,91,-194,228,13.3,667.6
Altona,13899,171,1.2,47,-132,256,17.7,786.0
Altona Meadows,18644,284,1.5,40,-94,338,10.5,1768.6
Altona North,15387,316,2.1,72,4,240,16.2,950.7
Newport,19487,526,2.8,142,18,366,8.8,2204.2
Seabrook,4926,59,1.2,46,-88,101,1.6,3040.9
Williamstown,16586,407,2.5,36,8,363,7.3,2257.7
Braybrook,20210,669,3.4,113,-434,990,7.5,2700.3
Footscray,19957,1830,10.1,58,200,1572,5.0,4017.8
Maribyrnong,13408,502,3.9,74,-202,630,5.5,2440.7
Seddon - Kingsville,9575,201,2.1,92,-232,341,1.7,5698.4
West Footscray - Tottenham,12592,596,5.0,138,2,456,6.0,2105.4
Yarraville,16020,359,2.3,109,-112,362,5.6,2850.5
Bacchus Marsh,26055,427,1.7,164,132,131,196.3,132.7
Melton West,22255,406,1.9,238,-30,198,24.2,919.5
Rockbank - Mount Cottrell,27259,4299,18.7,637,3443,219,125.8,216.8
Taylors Hill,19892,8,0.0,143,-445,310,6.0,3333.2
Burnside,6225,208,3.5,24,89,95,2.6,2439.3
Burnside Heights,6500,144,2.3,58,-44,130,2.0,3257.5
Caroline Springs,20942,244,1.2,162,-374,456,7.0,3012.1
Brookfield,10167,191,1.9,120,-87,158,10.7,950.8
Cobblebank - Strathtulloh,10248,1372,15.5,259,1006,107,19.8,518.6
Eynesbury - Exford,3427,295,9.4,44,229,22,69.5,49.3
Fraser Rise - Plumpton,16420,3429,26.4,310,2987,132,58.7,279.6
Hillside,16143,-87,-0.5,123,-368,158,7.8,2065.2
Kurunjang - Toolern Vale,11914,83,0.7,110,-133,106,120.8,98.6
Melton,8011,102,1.3,18,-37,121,9.9,812.4
Melton South - Weir Views,20224,1488,7.9,277,990,221,11.0,1835.1
Hoppers Crossing - North,18317,54,0.3,142,-408,320,10.9,1678.4
Hoppers Crossing - South,18789,278,1.5,159,-417,536,7.0,2679.8
Laverton,12421,530,4.5,184,-150,496,22.2,558.4
Werribee - South,17832,359,2.1,38,14,307,114.0,156.4
Point Cook - East,20834,680,3.4,269,-150,561,19.0,1094.5
Point Cook - South,20237,559,2.8,256,-348,651,9.4,2147.9
Werribee - East,18972,154,0.8,57,-392,489,7.8,2445.8
Werribee - West,28144,2608,10.2,481,1823,304,127.7,220.5
Manor Lakes - Quandong,12002,565,4.9,202,100,263,72.0,166.6
Point Cook - North East,14697,383,2.7,115,-151,419,5.6,2646.8
Point Cook - North West,9998,245,2.5,106,-185,324,2.9,3403.0
Tarneit (West) - Mount Cottrell,15293,2199,16.8,364,1609,226,36.7,416.6
Tarneit - Central,29321,594,2.1,412,-915,1097,8.0,3683.2
Tarneit - North,11213,1785,18.9,257,1360,168,14.3,781.7
Tarneit - South,11633,222,1.9,169,-267,320,3.1,3716.5
Truganina - North,13025,1429,12.3,295,889,245,17.5,743.5
Truganina - South East,10443,412,4.1,187,-129,354,4.3,2447.1
Truganina - South West,19938,404,2.1,335,-669,738,5.4,3707.5
Wyndham Vale - North,11899,1177,11.0,262,737,178,51.2,232.2
Wyndham Vale - South,13888,163,1.2,155,-212,220,5.0,2801.4
Carrum Downs,22892,487,2.2,153,77,257,20.3,1127.2
Frankston,24164,337,1.4,103,-115,349,11.6,2078.7
Frankston North,19757,148,0.8,65,-120,203,13.2,1492.4
Frankston South,19156,159,0.8,-28,-22,209,14.6,1315.6
Langwarrin,25563,202,0.8,150,-96,148,37.6,679.5
Seaford (Vic.),17764,275,1.6,124,-33,184,12.4,1428.9
Skye - Sandhurst,13530,57,0.4,104,-204,157,19.8,682.8
Dromana,13574,8,0.1,-30,-56,94,45.1,301.3
Flinders,6015,-32,-0.5,-15,-78,61,287.4,20.9
Hastings - Somers,23973,-100,-0.4,58,-279,121,108.9,220.2
Mount Eliza,18878,95,0.5,-9,-149,253,23.2,813.4
Mount Martha,20087,104,0.5,-13,-71,188,30.2,664.9
Point Nepean,19947,7,0.0,-35,-101,143,67.2,296.9
Rosebud - McCrae,23108,122,0.5,-154,135,141,23.8,971.1
Somerville,18809,191,1.0,68,23,100,117.4,160.3
Mornington - East,15075,-23,-0.2,-90,-54,121,14.7,1026.3
Mornington - West,10777,138,1.3,-69,100,107,6.4,1682.7
Ararat,8339,-57,-0.7,-21,-116,80,161.2,51.7
Ararat Surrounds,3162,-28,-0.9,-3,-50,25,4023.2,0.8
Horsham,16876,-63,-0.4,6,-150,81,83.1,203.2
Horsham Surrounds,3467,30,0.9,11,10,9,4251.5,0.8
Nhill Region,6796,-43,-0.6,-27,-46,30,11042.8,0.6
St Arnaud,3435,-16,-0.5,-2,-25,11,3008.6,1.1
Stawell,8459,17,0.2,1,-39,55,2743.4,3.1
West Wimmera,2715,-9,-0.3,-5,-11,7,5686.4,0.5
Yarriambiack,6327,-49,-0.8,-42,-20,13,7139.6,0.9
Irymple,7876,108,1.4,41,30,37,88.6,88.9
Merbein,4943,9,0.2,5,-10,14,101.7,48.6
Mildura Surrounds,3759,22,0.6,1,-23,44,21568.8,0.2
Red Cliffs,6065,-41,-0.7,-9,-64,32,246.7,24.6
Mildura - North,18229,92,0.5,46,-311,357,25.1,725.8
Mildura - South,16682,114,0.7,64,-84,134,51.0,327.1
Buloke,6044,-80,-1.3,-41,-64,25,8068.7,0.7
Gannawarra,6559,-70,-1.1,-23,-50,3,3568.3,1.8
Kerang,3856,-44,-1.1,-33,-11,0,146.6,26.3
Robinvale,3753,66,1.8,34,-77,109,181.6,20.7
Swan Hill,10948,-84,-0.8,26,-187,77,126.6,86.5
Swan Hill Surrounds,6512,-9,-0.1,22,-92,61,5759.6,1.1
Echuca,15585,-44,-0.3,-36,-75,67,184.0,84.7
Kyabram,10952,-50,-0.5,-31,-68,49,738.9,14.8
Lockington - Gunbower,3944,-24,-0.6,12,-50,14,1646.4,2.4
Rochester,3792,-168,-4.2,-9,-162,3,351.6,10.8
Rushworth,4187,28,0.7,-7,24,11,1633.9,2.6
Cobram,6662,164,2.5,-40,150,54,131.7,50.6
Moira,2834,-15,-0.5,13,-39,11,1498.8,1.9
Numurkah,12467,-43,-0.3,25,-112,44,2320.7,5.4
Yarrawonga,8812,85,1.0,-52,112,25,94.7,93.1
Mooroopna,8110,-185,-2.2,-5,-240,60,40.0,202.9
Shepparton - North,20157,40,0.2,41,-295,294,65.7,307.0
Shepparton Surrounds - East,4061,34,0.8,19,-4,19,1055.6,3.8
Shepparton Surrounds - West,10394,11,0.1,66,-112,57,1028.7,10.1
Kialla,9733,256,2.7,40,154,62,77.4,125.7
Shepparton - South East,16494,18,0.1,52,-274,240,65.8,250.6
Glenelg (Vic.),8839,-33,-0.4,-33,-29,29,6121.4,1.4
Hamilton (Vic.),10310,86,0.8,-20,52,54,198.3,52.0
Portland,11181,6,0.1,-4,-22,32,64.0,174.7
Southern Grampians,6213,-20,-0.3,-6,-42,28,6562.6,0.9
Camperdown,3410,-44,-1.3,-14,-37,7,98.1,34.8
Colac,12640,13,0.1,-14,-53,80,54.7,230.9
Colac Surrounds,5665,53,0.9,35,7,11,1934.3,2.9
Corangamite - North,5322,-27,-0.5,-8,-39,20,2538.3,2.1
Corangamite - South,7164,21,0.3,28,-38,31,1805.2,4.0
Otway,3983,9,0.2,0,-33,42,1505.9,2.6
Moyne - East,7132,86,1.2,23,34,29,3275.8,2.2
Moyne - West,10148,50,0.5,24,-28,54,2037.8,5.0
Warrnambool - North,22762,176,0.8,57,-57,176,62.4,364.7
Warrnambool - South,13476,153,1.1,-26,-1,180,120.2,112.1
Total Victoria,6815441,184810,2.8,29453,-1863,157220,227496.2,30.0
