{
    "3000": [
        "Melbourne"
    ],
    "3001": [
        "Melbourne"
    ],
    "3002": [
        "East Melbourne"
    ],
    "3003": [
        "West Melbourne"
    ],
    "3004": [
        "Melbourne"
    ],
    "3005": [
        "World Trade Centre"
    ],
    "3006": [
        "Southbank"
    ],
    "3008": [
        "Docklands"
    ],
    "3010": [
        "University Of Melbourne"
    ],
    "3011": [
        "Footscray",
        "Seddon"
    ],
    "3012": [
        "Brooklyn",
        "Kingsville",
        "Maidstone",
        "Tottenham",
        "West Footscray"
    ],
    "3013": [
        "Yarraville"
    ],
    "3015": [
        "Newport",
        "South Kingsville",
        "Spotswood"
    ],
    "3016": [
        "Williamstown",
        "Williamstown North"
    ],
    "3018": [
        "Altona",
        "Seaholme"
    ],
    "3019": [
        "Braybrook"
    ],
    "3020": [
        "Albion",
        "Sunshine",
        "Sunshine North",
        "Sunshine West"
    ],
    "3021": [
        "Albanvale",
        "Kealba",
        "Kings Park",
        "St Albans"
    ],
    "3022": [
        "Ardeer"
    ],
    "3023": [
        "Burnside",
        "Cairnlea",
        "Caroline Springs",
        "Deer Park",
        "Ravenhall"
    ],
    "3024": [
        "Mambourin",
        "Mount Cottrell",
        "Wyndham Vale"
    ],
    "3025": [
        "Altona North"
    ],
    "3026": [
        "Laverton North"
    ],
    "3027": [
        "Laverton Raaf",
        "Williams Raaf"
    ],
    "3028": [
        "Altona Meadows",
        "Laverton",
        "Seabrook"
    ],
    "3029": [
        "Hoppers Crossing",
        "Tarneit",
        "Truganina"
    ],
    "3030": [
        "Chartwell",
        "Cocoroc",
        "Derrimut",
        "Point Cook",
        "Quandong",
        "Werribee",
        "Werribee South"
    ],
    "3031": [
        "Flemington",
        "Kensington"
    ],
    "3032": [
        "Ascot Vale",
        "Highpoint City",
        "Maribyrnong",
        "Travancore"
    ],
    "3033": [
        "Keilor East"
    ],
    "3034": [
        "Avondale Heights"
    ],
    "3036": [
        "Keilor",
        "Keilor North"
    ],
    "3037": [
        "Calder Park",
        "Delahey",
        "Hillside",
        "Plumpton",
        "Sydenham",
        "Taylors Hill"
    ],
    "3038": [
        "Keilor Downs",
        "Keilor Lodge",
        "Taylors Lakes"
    ],
    "3039": [
        "Moonee Ponds"
    ],
    "3040": [
        "Aberfeldie",
        "Essendon",
        "Essendon West"
    ],
    "3041": [
        "Essendon North",
        "Strathmore",
        "Strathmore Heights"
    ],
    "3042": [
        "Airport West",
        "Keilor Park",
        "Niddrie"
    ],
    "3043": [
        "Gladstone Park",
        "Gowanbrae",
        "Tullamarine"
    ],
    "3044": [
        "Pascoe Vale",
        "Pascoe Vale South"
    ],
    "3045": [
        "Melbourne Airport"
    ],
    "3046": [
        "Glenroy",
        "Hadfield",
        "Oak Park"
    ],
    "3047": [
        "Broadmeadows",
        "Dallas",
        "Jacana"
    ],
    "3048": [
        "Coolaroo",
        "Meadow Heights"
    ],
    "3049": [
        "Attwood",
        "Westmeadows"
    ],
    "3050": [
        "Royal Melbourne Hospital"
    ],
    "3051": [
        "North Melbourne"
    ],
    "3052": [
        "Parkville"
    ],
    "3053": [
        "Carlton"
    ],
    "3054": [
        "Carlton North",
        "Princes Hill"
    ],
    "3055": [
        "Brunswick West"
    ],
    "3056": [
        "Brunswick"
    ],
    "3057": [
        "Brunswick East"
    ],
    "3058": [
        "Coburg",
        "Coburg North",
        "Moreland"
    ],
    "3059": [
        "Greenvale"
    ],
    "3060": [
        "Fawkner"
    ],
    "3061": [
        "Campbellfield"
    ],
    "3062": [
        "Somerton"
    ],
    "3063": [
        "Oaklands Junction",
        "Yuroke"
    ],
    "3064": [
        "Craigieburn",
        "Donnybrook",
        "Kalkallo",
        "Mickleham",
        "Roxburgh Park"
    ],
    "3065": [
        "Fitzroy"
    ],
    "3066": [
        "Collingwood"
    ],
    "3067": [
        "Abbotsford"
    ],
    "3068": [
        "Clifton Hill",
        "Fitzroy North"
    ],
    "3070": [
        "Northcote"
    ],
    "3071": [
        "Thornbury"
    ],
    "3072": [
        "Preston"
    ],
    "3073": [
        "Reservoir"
    ],
    "3074": [
        "Thomastown"
    ],
    "3075": [
        "Lalor"
    ],
    "3076": [
        "Epping",
        "Epping Dc"
    ],
    "3078": [
        "Alphington",
        "Fairfield"
    ],
    "3079": [
        "Ivanhoe",
        "Ivanhoe East"
    ],
    "3081": [
        "Bellfield",
        "Heidelberg Heights",
        "Heidelberg Rgh",
        "Heidelberg West"
    ],
    "3082": [
        "Mill Park"
    ],
    "3083": [
        "Bundoora",
        "Kingsbury",
        "La Trobe University"
    ],
    "3084": [
        "Eaglemont",
        "Heidelberg",
        "Rosanna",
        "Viewbank"
    ],
    "3085": [
        "Macleod",
        "Yallambie"
    ],
    "3086": [
        "La Trobe University"
    ],
    "3087": [
        "Watsonia",
        "Watsonia North"
    ],
    "3088": [
        "Briar Hill",
        "Greensborough",
        "Saint Helena"
    ],
    "3089": [
        "Diamond Creek"
    ],
    "3090": [
        "Plenty"
    ],
    "3091": [
        "Yarrambat"
    ],
    "3093": [
        "Lower Plenty"
    ],
    "3094": [
        "Montmorency"
    ],
    "3095": [
        "Eltham",
        "Eltham North",
        "Research"
    ],
    "3096": [
        "Wattle Glen"
    ],
    "3097": [
        "Bend Of Islands",
        "Kangaroo Ground",
        "Watsons Creek"
    ],
    "3099": [
        "Arthurs Creek",
        "Cottles Bridge",
        "Hurstbridge",
        "Nutfield",
        "Strathewen"
    ],
    "3101": [
        "Kew"
    ],
    "3102": [
        "Kew East"
    ],
    "3103": [
        "Balwyn"
    ],
    "3104": [
        "Balwyn North"
    ],
    "3105": [
        "Bulleen"
    ],
    "3106": [
        "Templestowe"
    ],
    "3107": [
        "Templestowe Lower"
    ],
    "3108": [
        "Doncaster"
    ],
    "3109": [
        "Doncaster East"
    ],
    "3110": [
        "Administrative Postcode Only"
    ],
    "3111": [
        "Donvale"
    ],
    "3113": [
        "North Warrandyte",
        "Warrandyte"
    ],
    "3114": [
        "Park Orchards"
    ],
    "3115": [
        "Wonga Park"
    ],
    "3116": [
        "Chirnside Park"
    ],
    "3121": [
        "Burnley",
        "Cremorne",
        "Richmond"
    ],
    "3122": [
        "Hawthorn"
    ],
    "3123": [
        "Hawthorn East"
    ],
    "3124": [
        "Camberwell"
    ],
    "3125": [
        "Burwood"
    ],
    "3126": [
        "Canterbury"
    ],
    "3127": [
        "Mont Albert",
        "Surrey Hills"
    ],
    "3128": [
        "Box Hill",
        "Box Hill Central",
        "Box Hill South"
    ],
    "3129": [
        "Box Hill North",
        "Mont Albert North"
    ],
    "3130": [
        "Blackburn",
        "Blackburn North",
        "Blackburn South"
    ],
    "3131": [
        "Forest Hill",
        "Nunawading"
    ],
    "3132": [
        "Mitcham"
    ],
    "3133": [
        "Vermont",
        "Vermont South"
    ],
    "3134": [
        "Ringwood",
        "Ringwood North",
        "Warrandyte South",
        "Warranwood"
    ],
    "3135": [
        "Heathmont",
        "Ringwood East"
    ],
    "3136": [
        "Croydon",
        "Croydon Hills",
        "Croydon North",
        "Croydon South"
    ],
    "3137": [
        "Kilsyth",
        "Kilsyth South"
    ],
    "3138": [
        "Mooroolbark"
    ],
    "3139": [
        "Beenak",
        "Don Valley",
        "Hoddles Creek",
        "Launching Place",
        "Seville",
        "Seville East",
        "Wandin East",
        "Wandin North",
        "Woori Yallock",
        "Yellingbo"
    ],
    "3140": [
        "Lilydale"
    ],
    "3141": [
        "South Yarra"
    ],
    "3142": [
        "Toorak"
    ],
    "3143": [
        "Armadale"
    ],
    "3144": [
        "Kooyong",
        "Malvern"
    ],
    "3145": [
        "Caulfield East",
        "Malvern East"
    ],
    "3146": [
        "Glen Iris"
    ],
    "3147": [
        "Ashburton",
        "Ashwood"
    ],
    "3148": [
        "Chadstone",
        "Chadstone Centre"
    ],
    "3149": [
        "Mount Waverley"
    ],
    "3150": [
        "Glen Waverley",
        "Wheelers Hill"
    ],
    "3151": [
        "Burwood East"
    ],
    "3152": [
        "Knox City Centre",
        "Wantirna",
        "Wantirna South"
    ],
    "3153": [
        "Bayswater",
        "Bayswater North"
    ],
    "3154": [
        "The Basin"
    ],
    "3155": [
        "Boronia"
    ],
    "3156": [
        "Ferntree Gully",
        "Lysterfield",
        "Lysterfield South",
        "Upper Ferntree Gully"
    ],
    "3158": [
        "Upwey"
    ],
    "3159": [
        "Menzies Creek",
        "Selby"
    ],
    "3160": [
        "Belgrave",
        "Belgrave Heights",
        "Belgrave South",
        "Tecoma"
    ],
    "3161": [
        "Caulfield North"
    ],
    "3162": [
        "Caulfield",
        "Caulfield South"
    ],
    "3163": [
        "Carnegie",
        "Glen Huntly",
        "Murrumbeena"
    ],
    "3164": [
        "Dandenong South"
    ],
    "3165": [
        "Bentleigh East"
    ],
    "3166": [
        "Hughesdale",
        "Huntingdale",
        "Oakleigh",
        "Oakleigh East"
    ],
    "3167": [
        "Oakleigh South"
    ],
    "3168": [
        "Clayton",
        "Notting Hill"
    ],
    "3169": [
        "Clarinda",
        "Clayton South"
    ],
    "3170": [
        "Mulgrave"
    ],
    "3171": [
        "Springvale"
    ],
    "3172": [
        "Dingley Village",
        "Springvale South"
    ],
    "3173": [
        "Keysborough"
    ],
    "3174": [
        "Noble Park",
        "Noble Park North"
    ],
    "3175": [
        "Bangholme",
        "Dandenong",
        "Dandenong North",
        "Dandenong South"
    ],
    "3176": [
        "Administrative Postcode Only"
    ],
    "3177": [
        "Doveton",
        "Eumemmerring"
    ],
    "3178": [
        "Rowville"
    ],
    "3179": [
        "Scoresby"
    ],
    "3180": [
        "Knoxfield"
    ],
    "3181": [
        "Prahran",
        "Windsor"
    ],
    "3182": [
        "St Kilda",
        "St Kilda West"
    ],
    "3183": [
        "Balaclava",
        "St Kilda East"
    ],
    "3184": [
        "Elwood"
    ],
    "3185": [
        "Elsternwick",
        "Gardenvale",
        "Ripponlea"
    ],
    "3186": [
        "Brighton",
        "Brighton North"
    ],
    "3187": [
        "Brighton East"
    ],
    "3188": [
        "Hampton",
        "Hampton East"
    ],
    "3189": [
        "Moorabbin",
        "Moorabbin East"
    ],
    "3190": [
        "Highett"
    ],
    "3191": [
        "Sandringham"
    ],
    "3192": [
        "Cheltenham",
        "Southland Centre"
    ],
    "3193": [
        "Beaumaris",
        "Black Rock"
    ],
    "3194": [
        "Mentone",
        "Moorabbin Airport"
    ],
    "3195": [
        "Aspendale",
        "Aspendale Gardens",
        "Braeside",
        "Mordialloc",
        "Parkdale",
        "Waterways"
    ],
    "3196": [
        "Bonbeach",
        "Chelsea",
        "Chelsea Heights",
        "Edithvale"
    ],
    "3197": [
        "Carrum",
        "Patterson Lakes"
    ],
    "3198": [
        "Seaford"
    ],
    "3199": [
        "Frankston",
        "Frankston South"
    ],
    "3200": [
        "Frankston North"
    ],
    "3201": [
        "Carrum Downs"
    ],
    "3202": [
        "Heatherton"
    ],
    "3204": [
        "Bentleigh",
        "Mckinnon",
        "Ormond"
    ],
    "3205": [
        "South Melbourne",
        "South Melbourne Dc"
    ],
    "3206": [
        "Albert Park",
        "Middle Park"
    ],
    "3207": [
        "Port Melbourne"
    ],
    "3211": [
        "Little River"
    ],
    "3212": [
        "Avalon",
        "Lara",
        "Point Wilson"
    ],
    "3214": [
        "Corio",
        "Norlane",
        "North Shore"
    ],
    "3215": [
        "Bell Park",
        "Bell Post Hill",
        "Drumcondra",
        "Hamlyn Heights",
        "North Geelong",
        "Rippleside"
    ],
    "3216": [
        "Belmont",
        "Freshwater Creek",
        "Grovedale",
        "Highton",
        "Marshall",
        "Mount Duneed",
        "Wandana Heights",
        "Waurn Ponds"
    ],
    "3217": [
        "Deakin University"
    ],
    "3218": [
        "Geelong West",
        "Herne Hill",
        "Manifold Heights"
    ],
    "3219": [
        "Breakwater",
        "East Geelong",
        "Newcomb",
        "St Albans Park",
        "Thomson",
        "Whittington"
    ],
    "3220": [
        "Geelong",
        "Newtown",
        "South Geelong"
    ],
    "3221": [
        "Anakie",
        "Barrabool",
        "Batesford",
        "Bellarine",
        "Ceres",
        "Fyansford",
        "Geelong Mc",
        "Gnarwarre",
        "Grey River",
        "Kennett River",
        "Lovely Banks",
        "Moolap",
        "Moorabool",
        "Murgheboluc",
        "Separation Creek",
        "Staughton Vale",
        "Stonehaven",
        "Sugarloaf",
        "Wallington",
        "Wongarra",
        "Wye River"
    ],
    "3222": [
        "Clifton Springs",
        "Curlewis",
        "Drysdale",
        "Mannerim",
        "Marcus Hill"
    ],
    "3223": [
        "Indented Head",
        "Portarlington",
        "St Leonards"
    ],
    "3224": [
        "Leopold"
    ],
    "3225": [
        "Point Lonsdale",
        "Queenscliff",
        "Swan Bay",
        "Swan Island"
    ],
    "3226": [
        "Ocean Grove"
    ],
    "3227": [
        "Barwon Heads",
        "Breamlea",
        "Connewarre"
    ],
    "3228": [
        "Bellbrae",
        "Bells Beach",
        "Jan Juc",
        "Torquay"
    ],
    "3230": [
        "Anglesea"
    ],
    "3231": [
        "Aireys Inlet",
        "Big Hill",
        "Eastern View",
        "Fairhaven",
        "Moggs Creek"
    ],
    "3232": [
        "Lorne"
    ],
    "3233": [
        "Apollo Bay",
        "Cape Otway",
        "Marengo",
        "Petticoat Creek",
        "Skenes Creek",
        "Skenes Creek North"
    ],
    "3235": [
        "Benwerrin",
        "Boonah",
        "Deans Marsh",
        "Pennyroyal"
    ],
    "3236": [
        "Forrest",
        "Mount Sabine"
    ],
    "3237": [
        "Aire Valley",
        "Beech Forest",
        "Ferguson",
        "Gellibrand Lower",
        "Wattle Hill",
        "Weeaproinah",
        "Wyelangta",
        "Yuulong"
    ],
    "3238": [
        "Glenaire",
        "Hordern Vale",
        "Johanna",
        "Lavers Hill"
    ],
    "3239": [
        "Carlisle River",
        "Chapple Vale",
        "Gellibrand",
        "Kennedys Creek"
    ],
    "3240": [
        "Buckley",
        "Gherang",
        "Modewarre",
        "Moriac",
        "Mount Moriac",
        "Paraparap"
    ],
    "3241": [
        "Bambra",
        "Ombersley",
        "Wensleydale",
        "Winchelsea",
        "Winchelsea South",
        "Wurdiboluc"
    ],
    "3242": [
        "Birregurra"
    ],
    "3243": [
        "Barwon Downs",
        "Gerangamete",
        "Murroon",
        "Warncoort",
        "Whoorel"
    ],
    "3249": [
        "Alvie",
        "Balintore",
        "Barongarook",
        "Barongarook West",
        "Barramunga",
        "Coragulac",
        "Corunnun",
        "Dreeite",
        "Dreeite South",
        "Irrewarra",
        "Irrewillipe",
        "Irrewillipe East",
        "Kawarren",
        "Larpent",
        "Nalangil",
        "Ondit",
        "Pirron Yallock",
        "Pomborneit East",
        "Swan Marsh",
        "Tanybryn",
        "Warrion",
        "Wool Wool",
        "Yeo",
        "Yeodene"
    ],
    "3250": [
        "Colac",
        "Colac East",
        "Colac West",
        "Elliminyt"
    ],
    "3251": [
        "Beeac",
        "Cundare North",
        "Eurack",
        "Weering"
    ],
    "3254": [
        "Cororooke"
    ],
    "3260": [
        "Bookaar",
        "Bostocks Creek",
        "Bungador",
        "Camperdown",
        "Carpendeit",
        "Chocolyn",
        "Gnotuk",
        "Kariah",
        "Koallah",
        "Leslie Manor",
        "Pomborneit",
        "Pomborneit North",
        "Skibo",
        "South Purrumbete",
        "Stonyford",
        "Tandarook",
        "Tesbury",
        "Weerite"
    ],
    "3264": [
        "Terang"
    ],
    "3265": [
        "Boorcan",
        "Cudgee",
        "Dixie",
        "Ecklin South",
        "Ellerslie",
        "Framlingham",
        "Framlingham East",
        "Garvoc",
        "Glenormiston North",
        "Glenormiston South",
        "Kolora",
        "Laang",
        "Noorat",
        "Noorat East",
        "Panmure",
        "Taroon",
        "The Sisters"
    ],
    "3266": [
        "Bullaharre",
        "Cobden",
        "Cobrico",
        "Elingamite",
        "Elingamite North",
        "Glenfyne",
        "Jancourt",
        "Jancourt East",
        "Naroghid",
        "Simpson"
    ],
    "3267": [
        "Scotts Creek"
    ],
    "3268": [
        "Ayrford",
        "Brucknell",
        "Cooriemungle",
        "Cowleys Creek",
        "Curdie Vale",
        "Curdies River",
        "Heytesbury Lower",
        "Newfield",
        "Nirranda",
        "Nirranda East",
        "Nirranda South",
        "Nullawarre",
        "Nullawarre East",
        "Paaratte",
        "The Cove",
        "Timboon",
        "Timboon West"
    ],
    "3269": [
        "Port Campbell",
        "Princetown",
        "Waarre"
    ],
    "3270": [
        "Peterborough"
    ],
    "3271": [
        "Darlington",
        "Dundonnell",
        "Pura Pura"
    ],
    "3272": [
        "Mortlake",
        "Woorndoo"
    ],
    "3273": [
        "Hexham"
    ],
    "3274": [
        "Caramut"
    ],
    "3275": [
        "Mailer Flat"
    ],
    "3276": [
        "Woolsthorpe"
    ],
    "3277": [
        "Allansford",
        "Mepunga",
        "Mepunga East",
        "Mepunga West",
        "Naringal",
        "Naringal East"
    ],
    "3278": [
        "Purnim"
    ],
    "3279": [
        "Ballangeich",
        "Wangoom"
    ],
    "3280": [
        "Dennington",
        "Minjah",
        "Warrnambool"
    ],
    "3281": [
        "Bushfield",
        "Grassmere",
        "Winslow",
        "Woodford"
    ],
    "3282": [
        "Illowa",
        "Koroit"
    ],
    "3283": [
        "Crossley",
        "Killarney",
        "Kirkstall",
        "Southern Cross",
        "Tarrone",
        "Tower Hill",
        "Warrong",
        "Willatook",
        "Yangery",
        "Yarpturk"
    ],
    "3284": [
        "Orford",
        "Port Fairy"
    ],
    "3285": [
        "Codrington",
        "Narrawong",
        "Rosebrook",
        "St Helens",
        "Toolong",
        "Tyrendarra",
        "Tyrendarra East",
        "Yambuk"
    ],
    "3286": [
        "Knebsworth",
        "Macarthur",
        "Ripponhurst"
    ],
    "3287": [
        "Hawkesdale",
        "Minhamite"
    ],
    "3289": [
        "Gazette",
        "Penshurst",
        "Purdeet",
        "Tabor"
    ],
    "3292": [
        "Nelson"
    ],
    "3293": [
        "Glenthompson",
        "Nareeb",
        "Narrapumelap South"
    ],
    "3294": [
        "Dunkeld",
        "Karabeal",
        "Mirranatwa",
        "Moutajup",
        "Victoria Point",
        "Victoria Valley",
        "Woodhouse"
    ],
    "3300": [
        "Byaduk North",
        "Hamilton"
    ],
    "3301": [
        "Bochara",
        "Broadwater",
        "Buckley Swamp",
        "Byaduk",
        "Croxton East",
        "Hensley Park",
        "Morgiana",
        "Mount Napier",
        "Strathkellar",
        "Tahara",
        "Tarrington",
        "Wannon",
        "Warrayure",
        "Yatchaw",
        "Yulecart"
    ],
    "3302": [
        "Branxholme",
        "Grassdale"
    ],
    "3303": [
        "Breakaway Creek",
        "Condah",
        "Condah Swamp",
        "Hotspur",
        "Lake Condah",
        "Wallacedale"
    ],
    "3304": [
        "Bessiebelle",
        "Dartmoor",
        "Drik Drik",
        "Drumborg",
        "Greenwald",
        "Heywood",
        "Homerton",
        "Lyons",
        "Milltown",
        "Mumbannar",
        "Myamyn",
        "Winnap"
    ],
    "3305": [
        "Allestree",
        "Bolwarra",
        "Cape Bridgewater",
        "Cashmore",
        "Dutton Way",
        "Gorae",
        "Gorae West",
        "Heathmere",
        "Mount Richmond",
        "Portland",
        "Portland North",
        "Portland West"
    ],
    "3309": [
        "Digby"
    ],
    "3310": [
        "Merino",
        "Tahara West"
    ],
    "3311": [
        "Casterton",
        "Corndale"
    ],
    "3312": [
        "Bahgallah",
        "Brimboal",
        "Carapook",
        "Chetwynd",
        "Dergholm",
        "Dorodong",
        "Dunrobin",
        "Henty",
        "Killara",
        "Lake Mundi",
        "Lindsay",
        "Muntham",
        "Nangeela",
        "Poolaijelo",
        "Powers Creek",
        "Sandford",
        "Strathdownie",
        "Wando Bridge",
        "Wando Vale",
        "Warrock"
    ],
    "3314": [
        "Bulart",
        "Cavendish",
        "Glenisla",
        "Mooralla",
        "Woohlpooer"
    ],
    "3315": [
        "Brit Brit",
        "Clover Flat",
        "Coleraine",
        "Coojar",
        "Culla",
        "Gringegalgona",
        "Gritjurk",
        "Hilgay",
        "Konongwootong",
        "Melville Forest",
        "Nareen",
        "Parkwood",
        "Paschendale",
        "Tahara Bridge",
        "Tarrayoukyan",
        "Tarrenlea",
        "Wootong Vale"
    ],
    "3317": [
        "Harrow"
    ],
    "3318": [
        "Charam",
        "Connewirricoo",
        "Edenhope",
        "Kadnook",
        "Langkoop",
        "Patyah",
        "Ullswater"
    ],
    "3319": [
        "Apsley",
        "Benayeo",
        "Bringalbert"
    ],
    "3321": [
        "Hesse",
        "Inverleigh",
        "Wingeel"
    ],
    "3322": [
        "Cressy"
    ],
    "3323": [
        "Berrybank",
        "Duverney",
        "Foxhow"
    ],
    "3324": [
        "Lismore",
        "Mingay",
        "Mount Bute"
    ],
    "3325": [
        "Derrinallum",
        "Larralea",
        "Vite Vite",
        "Vite Vite North"
    ],
    "3328": [
        "Teesdale"
    ],
    "3329": [
        "Barunah Park",
        "Shelford"
    ],
    "3330": [
        "Rokewood"
    ],
    "3331": [
        "Bannockburn",
        "Gheringhap",
        "Maude",
        "Russells Bridge",
        "She Oaks",
        "Steiglitz",
        "Sutherlands Creek"
    ],
    "3332": [
        "Lethbridge"
    ],
    "3333": [
        "Bamganie",
        "Meredith"
    ],
    "3334": [
        "Bungal",
        "Cargerie",
        "Elaine",
        "Morrisons",
        "Mount Doran"
    ],
    "3335": [
        "Plumpton",
        "Rockbank"
    ],
    "3337": [
        "Kurunjang",
        "Melton",
        "Melton West",
        "Toolern Vale"
    ],
    "3338": [
        "Brookfield",
        "Exford",
        "Eynesbury",
        "Melton South"
    ],
    "3340": [
        "Bacchus Marsh",
        "Balliang",
        "Balliang East",
        "Coimadai",
        "Darley",
        "Glenmore",
        "Hopetoun Park",
        "Long Forest",
        "Maddingley",
        "Merrimu",
        "Parwan",
        "Rowsley"
    ],
    "3341": [
        "Dales Creek",
        "Greendale",
        "Korobeit",
        "Myrniong",
        "Pentland Hills"
    ],
    "3342": [
        "Ballan",
        "Beremboke",
        "Blakeville",
        "Bunding",
        "Colbrook",
        "Durdidwarrah",
        "Fiskville",
        "Ingliston",
        "Mount Wallace"
    ],
    "3345": [
        "Gordon"
    ],
    "3350": [
        "Alfredton",
        "Bakery Hill",
        "Ballarat",
        "Ballarat Central",
        "Ballarat East",
        "Ballarat North",
        "Ballarat West",
        "Black Hill",
        "Brown Hill",
        "Canadian",
        "Eureka",
        "Golden Point",
        "Invermay Park",
        "Lake Wendouree",
        "Mount Clear",
        "Mount Helen",
        "Mount Pleasant",
        "Nerrina",
        "Newington",
        "Redan",
        "Soldiers Hill",
        "Sovereign Hill"
    ],
    "3351": [
        "Berringa",
        "Bo Peep",
        "Cape Clear",
        "Carngham",
        "Chepstowe",
        "Haddon",
        "Happy Valley",
        "Hillcrest",
        "Illabarook",
        "Lake Bolac",
        "Mininera",
        "Mortchup",
        "Mount Emu",
        "Nerrin Nerrin",
        "Newtown",
        "Nintingbool",
        "Piggoreet",
        "Pitfield",
        "Rokewood Junction",
        "Ross Creek",
        "Scarsdale",
        "Smythes Creek",
        "Smythesdale",
        "Snake Valley",
        "Springdallah",
        "Staffordshire Reef",
        "Streatham",
        "Wallinduc",
        "Westmere"
    ],
    "3352": [
        "Addington",
        "Ballarat Roadside Delivery",
        "Barkstead",
        "Blowhard",
        "Bolwarrah",
        "Brewster",
        "Bullarook",
        "Bungaree",
        "Bunkers Hill",
        "Burrumbeet",
        "Cambrian Hill",
        "Cardigan",
        "Cardigan Village",
        "Chapel Flat",
        "Clarendon",
        "Claretown",
        "Clarkes Hill",
        "Corindhap",
        "Dean",
        "Dereel",
        "Dunnstown",
        "Durham Lead",
        "Enfield",
        "Ercildoune",
        "Garibaldi",
        "Glen Park",
        "Glenbrae",
        "Gong Gong",
        "Grenville",
        "Invermay",
        "Lal Lal",
        "Lamplough",
        "Langi Kal Kal",
        "Learmonth",
        "Leigh Creek",
        "Lexton",
        "Magpie",
        "Millbrook",
        "Miners Rest",
        "Mitchell Park",
        "Mollongghip",
        "Mount Bolton",
        "Mount Egerton",
        "Mount Mercer",
        "Mount Mitchell",
        "Mount Rowan",
        "Napoleons",
        "Navigators",
        "Pootilla",
        "Scotchmans Lead",
        "Scotsburn",
        "Springbank",
        "Sulky",
        "Wallace",
        "Warrenheip",
        "Wattle Flat",
        "Waubra",
        "Weatherboard",
        "Werneth",
        "Windermere",
        "Yendon"
    ],
    "3353": [
        "Ballarat"
    ],
    "3354": [
        "Bakery Hill",
        "Ballarat Mc"
    ],
    "3355": [
        "Lake Gardens",
        "Mitchell Park",
        "Wendouree"
    ],
    "3356": [
        "Bonshaw",
        "Delacombe",
        "Sebastopol"
    ],
    "3357": [
        "Buninyong",
        "Scotsmans Lead",
        "Yarrowee"
    ],
    "3360": [
        "Linton",
        "Mannibadar",
        "Pittong",
        "Willowvale"
    ],
    "3361": [
        "Bradvale",
        "Carranballac",
        "Skipton"
    ],
    "3363": [
        "Creswick",
        "Creswick North",
        "Glendaruel",
        "Langdons Hill",
        "Mount Beckworth",
        "Tourello"
    ],
    "3364": [
        "Allendale",
        "Ascot",
        "Bald Hills",
        "Blampied",
        "Broomfield",
        "Cabbage Tree",
        "Campbelltown",
        "Coghills Creek",
        "Glendonnell",
        "Kingston",
        "Kooroocheang",
        "Lawrence",
        "Mount Prospect",
        "Newlyn",
        "Newlyn North",
        "Rocklyn",
        "Smeaton",
        "Smokey Town",
        "Springmount",
        "Strathlea",
        "Ullina",
        "Werona"
    ],
    "3370": [
        "Clunes",
        "Glengower",
        "Mount Cameron"
    ],
    "3371": [
        "Amherst",
        "Burnbank",
        "Caralulup",
        "Dunach",
        "Evansford",
        "Lillicur",
        "Mount Glasgow",
        "Stony Creek",
        "Talbot"
    ],
    "3373": [
        "Beaufort",
        "Chute",
        "Cross Roads",
        "Lake Goldsmith",
        "Lake Wongan",
        "Main Lead",
        "Mena Park",
        "Nerring",
        "Raglan",
        "Shirley",
        "Stockyard Hill",
        "Stoneleigh",
        "Trawalla",
        "Waterloo"
    ],
    "3374": [
        "Great Western"
    ],
    "3375": [
        "Ballyrogan",
        "Bayindeen",
        "Buangor",
        "Middle Creek"
    ],
    "3377": [
        "Ararat",
        "Ararat East",
        "Armstrong",
        "Ben Nevis",
        "Cathcart",
        "Crowlands",
        "Denicull Creek",
        "Dobie",
        "Dunneworthy",
        "Eversley",
        "Jallukur",
        "Langi Logan",
        "Maroona",
        "Mount Cole",
        "Mount Cole Creek",
        "Moyston",
        "Norval",
        "Rhymney",
        "Rocky Point",
        "Rossbridge",
        "Warrak"
    ],
    "3378": [
        "Tatyoon",
        "Yalla-y-poora"
    ],
    "3379": [
        "Berrambool",
        "Bornes Hill",
        "Chatsworth",
        "Mafeking",
        "Stavely",
        "Watgania",
        "Wickliffe",
        "Willaura",
        "Willaura North"
    ],
    "3380": [
        "Bellellen",
        "Bridge Inn",
        "Mokepilly",
        "Stawell",
        "Stawell West",
        "Winjallok"
    ],
    "3381": [
        "Barkly",
        "Bellfield",
        "Bolangum",
        "Callawadda",
        "Campbells Bridge",
        "Concongella",
        "Deep Lead",
        "Fyans Creek",
        "Germania",
        "Greens Creek",
        "Halls Gap",
        "Illawarra",
        "Joel Joel",
        "Joel South",
        "Kanya",
        "Lake Fyans",
        "Lake Lonsdale",
        "Lubeck",
        "Morrl Morrl",
        "Paradise",
        "Pomonal",
        "Rostron",
        "Wal Wal",
        "Wallaloo",
        "Wallaloo East"
    ],
    "3384": [
        "Frenchmans",
        "Landsborough",
        "Landsborough West",
        "Navarre",
        "Shays Flat",
        "Wattle Creek"
    ],
    "3385": [
        "Dadswells Bridge",
        "Glenorchy",
        "Ledcourt",
        "Riachella"
    ],
    "3387": [
        "Marnoo"
    ],
    "3388": [
        "Banyena",
        "Rupanyup"
    ],
    "3390": [
        "Kewell",
        "Murtoa"
    ],
    "3391": [
        "Brim"
    ],
    "3392": [
        "Minyip",
        "Sheep Hills"
    ],
    "3393": [
        "Ailsa",
        "Angip",
        "Aubrey",
        "Bangerang",
        "Cannum",
        "Crymelon",
        "Kellalac",
        "Lah",
        "Warracknabeal",
        "Wilkur",
        "Willenabrina"
    ],
    "3395": [
        "Beulah",
        "Kenmare"
    ],
    "3396": [
        "Hopetoun",
        "Hopevale",
        "Yarto"
    ],
    "3399": [
        "Jung",
        "Longerenong"
    ],
    "3400": [
        "Brimpaen",
        "Horsham",
        "Horsham West",
        "St Helens Plains",
        "Wartook",
        "Wonwondah East",
        "Wonwondah South"
    ],
    "3401": [
        "Blackheath",
        "Bungalally",
        "Cherrypool",
        "Clear Lake",
        "Connangorach",
        "Dahlen",
        "Dooen",
        "Douglas",
        "Drung",
        "Green Lake",
        "Gymbowen",
        "Haven",
        "Horsham",
        "Jallumba",
        "Jilpanger",
        "Kalkee",
        "Kanagulk",
        "Karnak",
        "Laharum",
        "Lower Norton",
        "Mckenzie Creek",
        "Miga Lake",
        "Mitre",
        "Mockinya",
        "Murra Warra",
        "Noradjuha",
        "Nurcoung",
        "Nurrabiel",
        "Pimpinio",
        "Quantong",
        "Remlaw",
        "Riverside",
        "Rocklands",
        "Telangatuk East",
        "Tooan",
        "Toolondo",
        "Vectis",
        "Wallup",
        "Wombelano",
        "Wonwondah",
        "Zumsteins"
    ],
    "3402": [
        "Horsham"
    ],
    "3407": [
        "Balmoral",
        "Englefield",
        "Gatum",
        "Pigeon Ponds",
        "Vasey"
    ],
    "3409": [
        "Grass Flat",
        "Natimuk"
    ],
    "3412": [
        "Goroke"
    ],
    "3413": [
        "Minimay",
        "Neuarpurr",
        "Ozenkadnook",
        "Peronne"
    ],
    "3414": [
        "Antwerp",
        "Dimboola",
        "Tarranyurk",
        "Wail"
    ],
    "3415": [
        "Miram",
        "Yarrunga"
    ],
    "3418": [
        "Broughton",
        "Gerang Gerung",
        "Glenlee",
        "Kiata",
        "Lawloit",
        "Little Desert",
        "Lorquon",
        "Netherby",
        "Nhill",
        "Yanac"
    ],
    "3419": [
        "Kaniva"
    ],
    "3420": [
        "Lillimur",
        "Serviceton",
        "Telopea Downs"
    ],
    "3423": [
        "Jeparit",
        "Lake Hindmarsh"
    ],
    "3424": [
        "Albacutya",
        "Rainbow",
        "Yaapeet"
    ],
    "3427": [
        "Diggers Rest",
        "Plumpton"
    ],
    "3428": [
        "Bulla"
    ],
    "3429": [
        "Sunbury",
        "Wildwood"
    ],
    "3430": [
        "Clarkefield"
    ],
    "3431": [
        "Riddells Creek"
    ],
    "3432": [
        "Bolinda"
    ],
    "3433": [
        "Monegeetta"
    ],
    "3434": [
        "Cherokee",
        "Kerrie",
        "Romsey",
        "Springfield"
    ],
    "3435": [
        "Benloch",
        "Goldie",
        "Lancefield",
        "Nulla Vale"
    ],
    "3437": [
        "Bullengarook",
        "Gisborne",
        "Gisborne South"
    ],
    "3438": [
        "New Gisborne"
    ],
    "3440": [
        "Macedon"
    ],
    "3441": [
        "Mount Macedon"
    ],
    "3442": [
        "Ashbourne",
        "Cadello",
        "Carlsruhe",
        "Cobaw",
        "Hanging Rock",
        "Hesket",
        "Newham",
        "Rochford",
        "Woodend",
        "Woodend North"
    ],
    "3444": [
        "Barfold",
        "Baynton",
        "Baynton East",
        "Edgecombe",
        "Glenhope",
        "Greenhill",
        "Kyneton",
        "Kyneton South",
        "Langley",
        "Lauriston",
        "Lyal",
        "Metcalfe East",
        "Mia Mia",
        "Myrtle Creek",
        "Pastoria",
        "Pastoria East",
        "Pipers Creek",
        "Redesdale",
        "Sidonia",
        "Spring Hill",
        "Tylden",
        "Tylden South"
    ],
    "3446": [
        "Drummond North",
        "Malmsbury"
    ],
    "3447": [
        "Taradale"
    ],
    "3448": [
        "Elphinstone",
        "Metcalfe",
        "Sutton Grange"
    ],
    "3450": [
        "Castlemaine",
        "Moonlight Flat"
    ],
    "3451": [
        "Barkers Creek",
        "Campbells Creek",
        "Chewton",
        "Chewton Bushlands",
        "Faraday",
        "Fryerstown",
        "Glenluce",
        "Golden Point",
        "Gower",
        "Guildford",
        "Irishtown",
        "Mckenzie Hill",
        "Muckleford",
        "Tarilta",
        "Vaughan",
        "Woodbrook",
        "Yapeen"
    ],
    "3453": [
        "Harcourt",
        "Harcourt North",
        "Ravenswood",
        "Ravenswood South"
    ],
    "3458": [
        "Barrys Reef",
        "Blackwood",
        "Fern Hill",
        "Lerderderg",
        "Little Hampton",
        "Newbury",
        "North Blackwood",
        "Trentham",
        "Trentham East"
    ],
    "3460": [
        "Basalt",
        "Daylesford"
    ],
    "3461": [
        "Bullarto",
        "Bullarto South",
        "Clydesdale",
        "Coomoora",
        "Denver",
        "Drummond",
        "Dry Diggings",
        "Eganstown",
        "Elevated Plains",
        "Franklinford",
        "Glenlyon",
        "Hepburn",
        "Hepburn Springs",
        "Korweinguboora",
        "Leonards Hill",
        "Lyonville",
        "Mount Franklin",
        "Musk",
        "Musk Vale",
        "Porcupine Ridge",
        "Sailors Falls",
        "Sailors Hill",
        "Shepherds Flat",
        "Spargo Creek",
        "Strangways",
        "Wheatsheaf",
        "Yandoit",
        "Yandoit Hills"
    ],
    "3462": [
        "Green Gully",
        "Joyces Creek",
        "Muckleford South",
        "Newstead",
        "Sandon",
        "Welshmans Reef"
    ],
    "3463": [
        "Baringhup",
        "Baringhup West",
        "Bradford",
        "Eastville",
        "Laanecoorie",
        "Maldon",
        "Neereman",
        "Nuggetty",
        "Perkins Reef",
        "Porcupine Flat",
        "Shelbourne",
        "Tarrengower",
        "Walmer",
        "Woodstock West"
    ],
    "3464": [
        "Carisbrook"
    ],
    "3465": [
        "Adelaide Lead",
        "Alma",
        "Bowenvale",
        "Bung Bong",
        "Cotswold",
        "Craigie",
        "Daisy Hill",
        "Flagstaff",
        "Golden Point",
        "Havelock",
        "Homebush",
        "Majorca",
        "Maryborough",
        "Moolort",
        "Moonlight Flat",
        "Natte Yallock",
        "Rathscar",
        "Rathscar West",
        "Rodborough",
        "Simson",
        "Timor",
        "Timor West",
        "Wareek"
    ],
    "3467": [
        "Avoca",
        "Moyreisk"
    ],
    "3468": [
        "Amphitheatre",
        "Mount Lonarch"
    ],
    "3469": [
        "Elmhurst",
        "Glenlofty",
        "Glenlogie",
        "Glenpatrick",
        "Nowhere Creek"
    ],
    "3472": [
        "Bet Bet",
        "Betley",
        "Bromley",
        "Dunluce",
        "Dunolly",
        "Eddington",
        "Goldsborough",
        "Inkerman",
        "Mcintyre",
        "Moliagul",
        "Mount Hooghly"
    ],
    "3475": [
        "Archdale",
        "Archdale Junction",
        "Bealiba",
        "Burkes Flat",
        "Cochranes Creek",
        "Emu",
        "Logan"
    ],
    "3478": [
        "Avon Plains",
        "Beazleys Bridge",
        "Carapooee",
        "Carapooee West",
        "Coonooer Bridge",
        "Coonooer West",
        "Darkbonee",
        "Dooboobetic",
        "Elberton",
        "Gooroc",
        "Gowar East",
        "Gre Gre",
        "Gre Gre North",
        "Gre Gre South",
        "Kooreh",
        "Medlyn",
        "Mitchells Hill",
        "Moolerr",
        "Moonambel",
        "Percydale",
        "Redbank",
        "Slaty Creek",
        "St Arnaud",
        "St Arnaud East",
        "St Arnaud North",
        "Stuart Mill",
        "Sutherland",
        "Swanwater",
        "Tanwood",
        "Tottington",
        "Traynors Lagoon",
        "Tulkara",
        "Warrenmang",
        "Yawong Hills"
    ],
    "3480": [
        "Areegra",
        "Banyenong",
        "Boolite",
        "Carron",
        "Cope Cope",
        "Corack",
        "Corack East",
        "Donald",
        "Laen",
        "Laen East",
        "Laen North",
        "Lake Buloke",
        "Lawler",
        "Litchfield",
        "Rich Avon",
        "Rich Avon East",
        "Rich Avon West",
        "Swanwater West"
    ],
    "3482": [
        "Massey",
        "Morton Plains",
        "Warmur",
        "Watchem",
        "Watchem West"
    ],
    "3483": [
        "Ballapur",
        "Birchip",
        "Birchip West",
        "Curyo",
        "Jil Jil",
        "Karyrie",
        "Kinnabulla",
        "Marlbed",
        "Narraport",
        "Reedy Dam",
        "Whirily"
    ],
    "3485": [
        "Banyan",
        "Watchupga",
        "Willangie",
        "Woomelang"
    ],
    "3487": [
        "Lascelles"
    ],
    "3488": [
        "Speed",
        "Turriff East"
    ],
    "3489": [
        "Tempy"
    ],
    "3490": [
        "Boinka",
        "Kulwin",
        "Ouyen",
        "Torrita",
        "Tutye"
    ],
    "3491": [
        "Patchewollock"
    ],
    "3494": [
        "Carwarp",
        "Colignan",
        "Iraak",
        "Nangiloc"
    ],
    "3496": [
        "Cardross",
        "Cullulleraine",
        "Meringur",
        "Merrinee",
        "Murray Lock No 9",
        "Neds Corner",
        "Red Cliffs",
        "Werrimull"
    ],
    "3498": [
        "Irymple"
    ],
    "3500": [
        "Mildura",
        "Paringi"
    ],
    "3501": [
        "Hattah",
        "Koorlong",
        "Mildura Centre Plaza",
        "Nichols Point"
    ],
    "3502": [
        "Mildura"
    ],
    "3505": [
        "Birdwoodton",
        "Cabarita",
        "Merbein",
        "Merbein South",
        "Merbein West",
        "Wargan",
        "Yelta"
    ],
    "3506": [
        "Cowangie"
    ],
    "3507": [
        "Walpeup"
    ],
    "3509": [
        "Linga",
        "Underbool"
    ],
    "3512": [
        "Carina",
        "Murrayville"
    ],
    "3515": [
        "Marong",
        "Wilsons Hill"
    ],
    "3516": [
        "Bridgewater",
        "Bridgewater North",
        "Bridgewater On Loddon",
        "Derby",
        "Leichardt",
        "Yarraberb"
    ],
    "3517": [
        "Bears Lagoon",
        "Brenanah",
        "Bullabul",
        "Glenalbyn",
        "Inglewood",
        "Jarklin",
        "Kingower",
        "Kurting",
        "Powlett Plains",
        "Rheola",
        "Salisbury West",
        "Serpentine"
    ],
    "3518": [
        "Berrimal",
        "Borung",
        "Fentons Creek",
        "Fernihurst",
        "Fiery Flat",
        "Kurraca",
        "Kurraca West",
        "Mysia",
        "Nine Mile",
        "Richmond Plains",
        "Skinners Flat",
        "Wedderburn",
        "Wedderburn Junction",
        "Wehla",
        "Woolshed Flat",
        "Woosang"
    ],
    "3520": [
        "Kinypanial",
        "Korong Vale"
    ],
    "3521": [
        "Pyalong"
    ],
    "3522": [
        "Emu Flat",
        "Tooborac"
    ],
    "3523": [
        "Argyle",
        "Costerfield",
        "Derrinal",
        "Heathcote",
        "Heathcote South",
        "Knowsley",
        "Ladys Pass",
        "Moormbool West",
        "Mount Camel",
        "Redcastle"
    ],
    "3525": [
        "Barrakee",
        "Buckrabanyule",
        "Charlton",
        "Jeffcott",
        "Jeffcott North",
        "Lake Marmal",
        "Nareewillock",
        "Teddywaddy",
        "Teddywaddy West",
        "Terrappee",
        "Wooroonook",
        "Wychitella",
        "Wychitella North",
        "Yeungroon",
        "Yeungroon East"
    ],
    "3527": [
        "Bunguluke",
        "Dumosa",
        "Glenloth",
        "Glenloth East",
        "Thalia",
        "Towaninny",
        "Towaninny South",
        "Wycheproof",
        "Wycheproof South"
    ],
    "3529": [
        "Kalpienung",
        "Nullawil"
    ],
    "3530": [
        "Culgoa",
        "Warne"
    ],
    "3531": [
        "Berriwillock",
        "Boigbeat",
        "Springfield"
    ],
    "3533": [
        "Bimbourie",
        "Lake Tyrrell",
        "Mittyack",
        "Nandaly",
        "Ninda",
        "Nyarrin",
        "Sea Lake",
        "Tyrrell",
        "Tyrrell Downs"
    ],
    "3537": [
        "Barraport",
        "Barraport West",
        "Boort",
        "Canary Island",
        "Catumnal",
        "Gredgwin",
        "Leaghur",
        "Minmindie",
        "Yando"
    ],
    "3540": [
        "Cannie",
        "Ninyeunook",
        "Oakvale",
        "Quambatook"
    ],
    "3542": [
        "Cokum",
        "Lalbert",
        "Titybong"
    ],
    "3544": [
        "Gowanford",
        "Ultima",
        "Waitchie"
    ],
    "3546": [
        "Bolton",
        "Chinkapook",
        "Cocamba",
        "Manangatang",
        "Turoar",
        "Winnambool"
    ],
    "3549": [
        "Annuello",
        "Bannerton",
        "Happy Valley",
        "Liparoo",
        "Robinvale",
        "Tol Tol",
        "Wemen"
    ],
    "3550": [
        "Bendigo",
        "Diamond Hill",
        "East Bendigo",
        "Flora Hill",
        "Ironbark",
        "Kennington",
        "Long Gully",
        "North Bendigo",
        "Quarry Hill",
        "Spring Gully",
        "Strathdale",
        "Tysons Reef",
        "West Bendigo",
        "White Hills"
    ],
    "3551": [
        "Arnold",
        "Arnold West",
        "Ascot",
        "Axe Creek",
        "Axedale",
        "Bagshot",
        "Bagshot North",
        "Cornella",
        "Emu Creek",
        "Eppalock",
        "Epsom",
        "Huntly",
        "Huntly North",
        "Junortoun",
        "Kimbolton",
        "Llanelly",
        "Lockwood",
        "Lockwood South",
        "Longlea",
        "Maiden Gully",
        "Mandurang",
        "Mandurang South",
        "Minto",
        "Mosquito Creek",
        "Murphys Creek",
        "Myola",
        "Myola East",
        "Newbridge",
        "Painswick",
        "Pilchers Bridge",
        "Sedgwick",
        "Strathfieldsaye",
        "Tarnagulla",
        "Toolleen",
        "Waanyarra",
        "Wellsford",
        "Woodstock On Loddon"
    ],
    "3552": [
        "Bendigo"
    ],
    "3554": [
        "Administrative Postcode Only"
    ],
    "3555": [
        "Big Hill",
        "Golden Gully",
        "Golden Square",
        "Kangaroo Flat",
        "Specimen Hill"
    ],
    "3556": [
        "California Gully",
        "Campbells Forest",
        "Comet Hill",
        "Eaglehawk",
        "Eaglehawk North",
        "Jackass Flat",
        "Myers Flat",
        "Sailors Gully",
        "Sebastian",
        "Whipstick",
        "Woodvale"
    ],
    "3557": [
        "Barnadown",
        "Fosterville",
        "Goornong",
        "Muskerry",
        "Muskerry East"
    ],
    "3558": [
        "Burnewang",
        "Corop West",
        "Creek View",
        "Elmore",
        "Hunter"
    ],
    "3559": [
        "Avonmore",
        "Colbinabbin",
        "Corop",
        "Lyndale",
        "Mayreef",
        "Runnymede"
    ],
    "3561": [
        "Ballendella",
        "Bamawm",
        "Bamawm Extension",
        "Diggora",
        "Diggora West",
        "Fairy Dell",
        "Nanneella",
        "Rochester",
        "Rochester West",
        "The Settlement",
        "Timmering"
    ],
    "3562": [
        "Torrumbarry"
    ],
    "3563": [
        "Lockington"
    ],
    "3564": [
        "Campaspe West",
        "Echuca",
        "Echuca East",
        "Echuca South",
        "Echuca Village",
        "Echuca West",
        "Kanyapella",
        "Mcevoys",
        "Patho",
        "Patho West",
        "Roslynmead",
        "Simmie",
        "Wharparilla"
    ],
    "3565": [
        "Kotta"
    ],
    "3566": [
        "Gunbower"
    ],
    "3567": [
        "Horfield",
        "Leitchville"
    ],
    "3568": [
        "Burkes Bridge",
        "Cohuna",
        "Cullen",
        "Daltons Bridge",
        "Gannawarra",
        "Keely",
        "Macorna North",
        "Mcmillans",
        "Mead",
        "Mincha West",
        "Wee Wee Rup"
    ],
    "3570": [
        "Auchmore",
        "Drummartin",
        "Kamarooka",
        "Neilborough",
        "Raywood",
        "Summerfield"
    ],
    "3571": [
        "Dingee",
        "Kamarooka North",
        "Pompapiel",
        "Tandarra",
        "Yallook"
    ],
    "3572": [
        "Milloo",
        "Piavella",
        "Prairie",
        "Tennyson"
    ],
    "3573": [
        "Calivil",
        "Mitiamo",
        "Pine Grove",
        "Pine Grove East",
        "Terrick Terrick East"
    ],
    "3575": [
        "Bald Rock",
        "Gladfield",
        "Jungaburra",
        "Loddon Vale",
        "Mincha",
        "Mologa",
        "Pyramid Hill",
        "Sylvaterre",
        "Terrick Terrick",
        "Yarrawalla"
    ],
    "3576": [
        "Durham Ox"
    ],
    "3579": [
        "Appin",
        "Appin South",
        "Bael Bael",
        "Benjeroop",
        "Budgerum East",
        "Capels Crossing",
        "Dingwall",
        "East Yeoburn",
        "Fairley",
        "Gonn Crossing",
        "Kerang",
        "Kerang East",
        "Koroop",
        "Lake Meran",
        "Macorna",
        "Meering West",
        "Milnes Bridge",
        "Murrabit",
        "Murrabit West",
        "Myall",
        "Mystic Park",
        "Normanville",
        "Pine View",
        "Reedy Lake",
        "Sandhill Lake",
        "Teal Point",
        "Tragowel",
        "Wandella",
        "Westby"
    ],
    "3580": [
        "Koondrook"
    ],
    "3581": [
        "Beauchamp",
        "Lake Charm"
    ],
    "3583": [
        "Tresco"
    ],
    "3584": [
        "Lake Boga",
        "Tresco West"
    ],
    "3585": [
        "Castle Donnington",
        "Chillingollah",
        "Fish Point",
        "Goschen",
        "Kunat",
        "Meatian",
        "Murray Downs",
        "Nowie",
        "Nyrraby",
        "Pira",
        "Speewa",
        "Swan Hill",
        "Winlaton"
    ],
    "3588": [
        "Woorinen South"
    ],
    "3589": [
        "Woorinen",
        "Woorinen North"
    ],
    "3590": [
        "Beverford"
    ],
    "3591": [
        "Vinifera"
    ],
    "3594": [
        "Nyah"
    ],
    "3595": [
        "Nyah West"
    ],
    "3596": [
        "Miralie",
        "Towan",
        "Wood Wood"
    ],
    "3597": [
        "Kenley",
        "Kooloonong",
        "Lake Powell",
        "Narrung",
        "Natya",
        "Piangil"
    ],
    "3599": [
        "Boundary Bend"
    ],
    "3607": [
        "Tabilk"
    ],
    "3608": [
        "Bailieston",
        "Goulburn Weir",
        "Graytown",
        "Kirwans Bridge",
        "Mitchellstown",
        "Nagambie",
        "Wahring",
        "Wirrate"
    ],
    "3610": [
        "Dhurringile",
        "Moorilim",
        "Murchison",
        "Murchison East",
        "Murchison North"
    ],
    "3612": [
        "Moora",
        "Rushworth",
        "Wanalta",
        "Waranga",
        "Whroo"
    ],
    "3614": [
        "Toolamba"
    ],
    "3616": [
        "Cooma",
        "Gillieston",
        "Girgarre East",
        "Harston",
        "Mooroopna North West",
        "Tatura",
        "Tatura East",
        "Toolamba West"
    ],
    "3617": [
        "Byrneside"
    ],
    "3618": [
        "Merrigum"
    ],
    "3619": [
        "Kyabram"
    ],
    "3620": [
        "Kyabram",
        "Lancaster",
        "Mount Scobie",
        "St Germains",
        "Taripta",
        "Wyuna",
        "Wyuna East"
    ],
    "3621": [
        "Koyuga South",
        "Ky Valley",
        "Ky West",
        "Tongala",
        "Yambuna"
    ],
    "3622": [
        "Cornelia Creek",
        "Koyuga",
        "Strathallan"
    ],
    "3623": [
        "Carag Carag",
        "Stanhope",
        "Stanhope South"
    ],
    "3624": [
        "Girgarre"
    ],
    "3629": [
        "Ardmona",
        "Coomboona",
        "Mooroopna",
        "Mooroopna North",
        "Undera"
    ],
    "3630": [
        "Benarch",
        "Branditt",
        "Caniambo",
        "Colliver",
        "Dunkirk",
        "Shepparton"
    ],
    "3631": [
        "Arcadia",
        "Arcadia South",
        "Cosgrove",
        "Cosgrove South",
        "Grahamvale",
        "Karramomus",
        "Kialla",
        "Kialla East",
        "Kialla West",
        "Lemnos",
        "Orrvale",
        "Pine Lodge",
        "Shepparton East",
        "Shepparton North",
        "Tamleugh West"
    ],
    "3632": [
        "Shepparton"
    ],
    "3633": [
        "Congupna"
    ],
    "3634": [
        "Bunbartha",
        "Invergordon South",
        "Katandra",
        "Katandra West",
        "Marionvale",
        "Marungi",
        "Tallygaroopna",
        "Zeerust"
    ],
    "3635": [
        "Kaarimba",
        "Mundoona",
        "Wunghnu"
    ],
    "3636": [
        "Drumanure",
        "Invergordon",
        "Naring",
        "Numurkah"
    ],
    "3637": [
        "Waaia",
        "Yalca"
    ],
    "3638": [
        "Kotupna",
        "Nathalia",
        "Yielima"
    ],
    "3639": [
        "Barmah",
        "Lower Moira",
        "Picola",
        "Picola West"
    ],
    "3640": [
        "Katunga"
    ],
    "3641": [
        "Bearii",
        "Mywee",
        "Strathmerton",
        "Ulupna"
    ],
    "3643": [
        "Cobram"
    ],
    "3646": [
        "Dookie",
        "Mount Major",
        "Nalinga",
        "Wattville",
        "Yabba North",
        "Yabba South",
        "Youanmite"
    ],
    "3647": [
        "Dookie College"
    ],
    "3649": [
        "Katamatite",
        "Katamatite East"
    ],
    "3658": [
        "Broadford",
        "Clonbinane",
        "Flowerdale",
        "Hazeldene",
        "Reedy Creek",
        "Strath Creek",
        "Sunday Creek",
        "Tyaak",
        "Waterford Park"
    ],
    "3659": [
        "Sugarloaf Creek",
        "Tallarook"
    ],
    "3660": [
        "Caveat",
        "Dropmore",
        "Dysart",
        "Highlands",
        "Kerrisdale",
        "Kobyboyn",
        "Northwood",
        "Seymour",
        "Seymour South",
        "Trawool",
        "Whiteheads Creek"
    ],
    "3661": [
        "Seymour"
    ],
    "3662": [
        "Puckapunyal Milpo"
    ],
    "3663": [
        "Mangalore"
    ],
    "3664": [
        "Avenel"
    ],
    "3665": [
        "Locksley",
        "Longwood",
        "Pranjip"
    ],
    "3666": [
        "Balmattum",
        "Creighton",
        "Creightons Creek",
        "Euroa",
        "Gooram",
        "Kelvin View",
        "Kithbrook",
        "Miepoll",
        "Moglonemby",
        "Molka",
        "Riggs Creek",
        "Ruffy",
        "Sheans Creek",
        "Strathbogie",
        "Tarcombe"
    ],
    "3669": [
        "Boho",
        "Boho South",
        "Creek Junction",
        "Earlston",
        "Gowangardie",
        "Koonda",
        "Marraweeney",
        "Tamleugh",
        "Tamleugh North",
        "Violet Town"
    ],
    "3670": [
        "Baddaginnie",
        "Tarnook",
        "Warrenbayne"
    ],
    "3671": [
        "Benalla"
    ],
    "3672": [
        "Benalla",
        "Benalla West"
    ],
    "3673": [
        "Benalla",
        "Broken Creek",
        "Goomalibee",
        "Kilfeera",
        "Lake Mokoan",
        "Lima",
        "Lima East",
        "Lima South",
        "Lurg",
        "Molyullah",
        "Moorngag",
        "Samaria",
        "Swanpool",
        "Tatong",
        "Upotipotpon",
        "Upper Lurg",
        "Upper Ryans Creek",
        "Winton",
        "Winton North"
    ],
    "3675": [
        "Boweya",
        "Boweya North",
        "Glenrowan",
        "Glenrowan West",
        "Greta",
        "Greta South",
        "Greta West",
        "Hansonville",
        "Mount Bruno",
        "Taminick"
    ],
    "3676": [
        "Wangaratta"
    ],
    "3677": [
        "Appin Park",
        "Wangaratta",
        "Yarrunga"
    ],
    "3678": [
        "Bobinawarrah",
        "Boorhaman",
        "Boorhaman East",
        "Bowser",
        "Byawatha",
        "Carboor",
        "Cheshunt",
        "Cheshunt South",
        "Docker",
        "Dockers Plains",
        "East Wangaratta",
        "Edi",
        "Edi Upper",
        "Everton",
        "Everton Upper",
        "Killawarra",
        "King Valley",
        "Laceby",
        "Londrigan",
        "Markwood",
        "Meadow Creek",
        "Milawa",
        "North Wangaratta",
        "Oxley",
        "Oxley Flats",
        "Peechelba",
        "Peechelba East",
        "Rose River",
        "Tarrawingee",
        "Wabonga",
        "Waldara",
        "Wangandary",
        "Wangaratta South",
        "Whitlands"
    ],
    "3682": [
        "Boralma",
        "Lilliput",
        "Norong",
        "Springhurst"
    ],
    "3683": [
        "Chiltern",
        "Chiltern Valley",
        "Cornishtown",
        "Indigo"
    ],
    "3685": [
        "Boorhaman North",
        "Brimin",
        "Browns Plains",
        "Carlyle",
        "Dugays Bridge",
        "Gooramadda",
        "Great Southern",
        "Lake Moodemere",
        "Norong Central",
        "Prentice North",
        "Rutherglen"
    ],
    "3687": [
        "Wahgunyah"
    ],
    "3688": [
        "Barnawartha",
        "Indigo Valley"
    ],
    "3689": [
        "Wodonga"
    ],
    "3690": [
        "West Wodonga",
        "Wodonga"
    ],
    "3691": [
        "Allans Flat",
        "Baranduda",
        "Barnawartha North",
        "Bellbridge",
        "Berringama",
        "Bethanga",
        "Bonegilla",
        "Bungil",
        "Castle Creek",
        "Coral Bank",
        "Dederang",
        "Ebden",
        "Gateway Island",
        "Glen Creek",
        "Gundowring",
        "Hume Weir",
        "Huon Creek",
        "Kancoona",
        "Kancoona South",
        "Kergunyah",
        "Kiewa",
        "Killara",
        "Leneva",
        "Lone Pine",
        "Lucyvale",
        "Mongans Bridge",
        "Mount Alfred",
        "Osbornes Flat",
        "Running Creek",
        "Staghorn Flat",
        "Talgarno",
        "Tangambalanga",
        "Thologolong",
        "Upper Gundowring"
    ],
    "3694": [
        "Bandiana",
        "Bandiana Milpo"
    ],
    "3695": [
        "Charleroi",
        "Red Bluff",
        "Sandy Creek"
    ],
    "3697": [
        "Tawonga"
    ],
    "3698": [
        "Tawonga South"
    ],
    "3699": [
        "Bogong",
        "Falls Creek",
        "Mount Beauty"
    ],
    "3700": [
        "Bullioh",
        "Jarvis Creek",
        "Tallangatta",
        "Tallangatta East"
    ],
    "3701": [
        "Dartmouth",
        "Eskdale",
        "Fernvale",
        "Granite Flat",
        "Granya",
        "Mitta Mitta",
        "Shelley",
        "Tallangatta Valley"
    ],
    "3704": [
        "Koetong"
    ],
    "3705": [
        "Cudgewa",
        "Nariel Valley"
    ],
    "3708": [
        "Tintaldra"
    ],
    "3709": [
        "Burrowye",
        "Guys Forest",
        "Walwa"
    ],
    "3711": [
        "Buxton"
    ],
    "3712": [
        "Rubicon",
        "Thornton"
    ],
    "3713": [
        "Eildon",
        "Lake Eildon"
    ],
    "3714": [
        "Acheron",
        "Alexandra",
        "Cathkin",
        "Crystal Creek",
        "Fawcett",
        "Koriella",
        "Taggerty"
    ],
    "3715": [
        "Ancona",
        "Merton",
        "Woodfield"
    ],
    "3717": [
        "Flowerdale",
        "Ghin Ghin",
        "Glenburn",
        "Homewood",
        "Killingworth",
        "Limestone",
        "Murrindindi",
        "Yea"
    ],
    "3718": [
        "Molesworth"
    ],
    "3719": [
        "Gobur",
        "Kanumbra",
        "Terip Terip",
        "Yarck"
    ],
    "3720": [
        "Bonnie Doon"
    ],
    "3722": [
        "Barwite",
        "Mansfield",
        "Mirimbah"
    ],
    "3723": [
        "Archerton",
        "Barjarg",
        "Boorolite",
        "Bridge Creek",
        "Delatite",
        "Gaffneys Creek",
        "Goughs Bay",
        "Howes Creek",
        "Howqua",
        "Howqua Hills",
        "Howqua Inlet",
        "Jamieson",
        "Kevington",
        "Macs Cove",
        "Maindample",
        "Matlock",
        "Merrijig",
        "Mount Buller",
        "Mountain Bay",
        "Nillahcootie",
        "Piries",
        "Sawmill Settlement",
        "Tolmie",
        "Woods Point"
    ],
    "3724": [
        "Mansfield"
    ],
    "3725": [
        "Boxwood",
        "Chesney Vale",
        "Goorambat",
        "Major Plains",
        "Stewarton"
    ],
    "3726": [
        "Bungeet",
        "Bungeet West",
        "Devenish",
        "Thoona"
    ],
    "3727": [
        "Almonds",
        "Lake Rowan",
        "Pelluebla",
        "St James",
        "Waggarandall",
        "Yundool"
    ],
    "3728": [
        "Boomahnoomoonah",
        "Tungamah",
        "Wilby",
        "Youarang"
    ],
    "3730": [
        "Bathumi",
        "Boosey",
        "Bundalong",
        "Bundalong South",
        "Esmond",
        "Telford",
        "Yarrawonga",
        "Yarrawonga South"
    ],
    "3732": [
        "Moyhu",
        "Myrrhee"
    ],
    "3733": [
        "Whitfield"
    ],
    "3735": [
        "Bowmans Forest",
        "Whorouly",
        "Whorouly East",
        "Whorouly South"
    ],
    "3736": [
        "Myrtleford"
    ],
    "3737": [
        "Abbeyard",
        "Barwidgee",
        "Buffalo River",
        "Dandongadale",
        "Gapsted",
        "Havillah",
        "Merriang",
        "Merriang South",
        "Mudgegonga",
        "Myrtleford",
        "Nug Nug",
        "Rosewhite"
    ],
    "3738": [
        "Ovens"
    ],
    "3739": [
        "Eurobin"
    ],
    "3740": [
        "Buckland",
        "Mount Buffalo",
        "Porepunkah"
    ],
    "3741": [
        "Bright",
        "Freeburgh",
        "Germantown",
        "Harrietville",
        "Hotham Heights",
        "Mount Hotham",
        "Smoko"
    ],
    "3744": [
        "Wandiligong"
    ],
    "3746": [
        "Eldorado"
    ],
    "3747": [
        "Baarmutha",
        "Beechworth",
        "Hurdle Flat",
        "Murmungee",
        "Silver Creek",
        "Stanley",
        "Woolshed",
        "Wooragee"
    ],
    "3749": [
        "Bruarong",
        "Yackandandah"
    ],
    "3750": [
        "Wollert"
    ],
    "3751": [
        "Woodstock"
    ],
    "3752": [
        "South Morang"
    ],
    "3753": [
        "Beveridge"
    ],
    "3754": [
        "Doreen",
        "Mernda"
    ],
    "3755": [
        "Yan Yean"
    ],
    "3756": [
        "Chintin",
        "Darraweit Guim",
        "Hidden Valley",
        "Upper Plenty",
        "Wallan",
        "Wallan East"
    ],
    "3757": [
        "Bruces Creek",
        "Eden Park",
        "Humevale",
        "Kinglake Central",
        "Kinglake West",
        "Pheasant Creek",
        "Whittlesea"
    ],
    "3758": [
        "Heathcote Junction",
        "Wandong"
    ],
    "3759": [
        "Panton Hill"
    ],
    "3760": [
        "Smiths Gully"
    ],
    "3761": [
        "St Andrews"
    ],
    "3762": [
        "Bylands"
    ],
    "3763": [
        "Kinglake",
        "Mount Slide"
    ],
    "3764": [
        "Forbes",
        "Glenaroua",
        "High Camp",
        "Kilmore",
        "Kilmore East",
        "Moranding",
        "Tantaraboo",
        "Willowmavin"
    ],
    "3765": [
        "Montrose"
    ],
    "3766": [
        "Kalorama"
    ],
    "3767": [
        "Mount Dandenong"
    ],
    "3770": [
        "Coldstream",
        "Gruyere",
        "Yering"
    ],
    "3775": [
        "Christmas Hills",
        "Dixons Creek",
        "Steels Creek",
        "Tarrawarra",
        "Yarra Glen"
    ],
    "3777": [
        "Badger Creek",
        "Castella",
        "Chum Creek",
        "Healesville",
        "Mount Toolebewong",
        "Toolangi"
    ],
    "3778": [
        "Fernshaw",
        "Narbethong"
    ],
    "3779": [
        "Cambarville",
        "Marysville"
    ],
    "3781": [
        "Cockatoo",
        "Mount Burnett",
        "Nangana"
    ],
    "3782": [
        "Avonsleigh",
        "Clematis",
        "Emerald",
        "Macclesfield"
    ],
    "3783": [
        "Gembrook"
    ],
    "3785": [
        "Tremont"
    ],
    "3786": [
        "Ferny Creek"
    ],
    "3787": [
        "Sassafras",
        "Sassafras Gully"
    ],
    "3788": [
        "Olinda"
    ],
    "3789": [
        "Sherbrooke"
    ],
    "3791": [
        "Kallista"
    ],
    "3792": [
        "The Patch"
    ],
    "3793": [
        "Monbulk"
    ],
    "3795": [
        "Silvan"
    ],
    "3796": [
        "Mount Evelyn"
    ],
    "3797": [
        "Gilderoy",
        "Gladysdale",
        "Powelltown",
        "Three Bridges",
        "Yarra Junction"
    ],
    "3799": [
        "Big Pats Creek",
        "East Warburton",
        "Mcmahons Creek",
        "Millgrove",
        "Reefton",
        "Warburton",
        "Wesburn"
    ],
    "3800": [
        "Monash University"
    ],
    "3802": [
        "Endeavour Hills"
    ],
    "3803": [
        "Hallam"
    ],
    "3804": [
        "Narre Warren East",
        "Narre Warren North"
    ],
    "3805": [
        "Narre Warren",
        "Narre Warren South"
    ],
    "3806": [
        "Berwick",
        "Harkaway"
    ],
    "3807": [
        "Beaconsfield",
        "Guys Hill"
    ],
    "3808": [
        "Beaconsfield Upper",
        "Dewhurst"
    ],
    "3809": [
        "Officer",
        "Officer South"
    ],
    "3810": [
        "Pakenham",
        "Pakenham South",
        "Pakenham Upper",
        "Rythdale"
    ],
    "3812": [
        "Maryknoll",
        "Nar Nar Goon",
        "Nar Nar Goon North"
    ],
    "3813": [
        "Tynong",
        "Tynong North"
    ],
    "3814": [
        "Cora Lynn",
        "Garfield",
        "Garfield North",
        "Vervale"
    ],
    "3815": [
        "Bunyip",
        "Bunyip North",
        "Iona",
        "Tonimbuk"
    ],
    "3816": [
        "Labertouche",
        "Longwarry",
        "Longwarry North",
        "Modella"
    ],
    "3818": [
        "Athlone",
        "Drouin",
        "Drouin East",
        "Drouin South",
        "Drouin West",
        "Hallora",
        "Jindivick",
        "Ripplebrook",
        "Tarago"
    ],
    "3820": [
        "Bona Vista",
        "Lillico",
        "Warragul"
    ],
    "3821": [
        "Brandy Creek",
        "Buln Buln",
        "Buln Buln East",
        "Crossover",
        "Ellinbank",
        "Ferndale",
        "Lardner",
        "Nayook",
        "Neerim Junction",
        "Neerim North",
        "Nilma",
        "Nilma North",
        "Rokeby",
        "Seaview",
        "Shady Creek",
        "Tetoora Road",
        "Warragul South",
        "Warragul West"
    ],
    "3822": [
        "Cloverlea",
        "Darnum",
        "Gainsborough"
    ],
    "3823": [
        "Allambee",
        "Yarragon",
        "Yarragon South"
    ],
    "3824": [
        "Childers",
        "Narracan",
        "Thorpdale South",
        "Trafalgar",
        "Trafalgar East",
        "Trafalgar South"
    ],
    "3825": [
        "Aberfeldy",
        "Amor",
        "Caringal",
        "Coalville",
        "Coopers Creek",
        "Erica",
        "Fumina",
        "Fumina South",
        "Hernes Oak",
        "Hill End",
        "Jacob Creek",
        "Moe",
        "Moe South",
        "Moondarra",
        "Newborough",
        "Newborough East",
        "Rawson",
        "Tanjil",
        "Tanjil South",
        "Thaloo",
        "Thomson",
        "Walhalla",
        "Westbury",
        "Willow Grove",
        "Yallourn",
        "Yallourn North"
    ],
    "3831": [
        "Neerim",
        "Neerim East",
        "Neerim South"
    ],
    "3833": [
        "Baw Baw",
        "Baw Baw Village",
        "Icy Creek",
        "Loch Valley",
        "Mt Baw Baw",
        "Noojee",
        "Piedmont",
        "Tanjil Bren",
        "Toorongo",
        "Vesper"
    ],
    "3835": [
        "Thorpdale"
    ],
    "3840": [
        "Driffield",
        "Hazelwood",
        "Hazelwood North",
        "Hazelwood South",
        "Jeeralang",
        "Jeeralang Junction",
        "Maryvale",
        "Morwell"
    ],
    "3841": [
        "Administrative Postcode Only"
    ],
    "3842": [
        "Churchill"
    ],
    "3844": [
        "Blackwarry",
        "Callignee",
        "Callignee North",
        "Carrajung",
        "Flynn",
        "Flynns Creek",
        "Koornalla",
        "Loy Yang",
        "Traralgon",
        "Traralgon East",
        "Traralgon South",
        "Tyers",
        "Willung South"
    ],
    "3847": [
        "Hiamdale",
        "Nambrok",
        "Rosedale",
        "Willung"
    ],
    "3850": [
        "Giffard",
        "Guthridge",
        "Sale",
        "Wurruk"
    ],
    "3851": [
        "Airly",
        "Bundalaguah",
        "Clydebank",
        "Cobains",
        "Darriman",
        "Dutson",
        "Dutson Downs",
        "Flamingo Beach",
        "Fulham",
        "Giffard West",
        "Glomar Beach",
        "Golden Beach",
        "Kilmany",
        "Lake Wellington",
        "Loch Sport",
        "Longford",
        "Montgomery",
        "Myrtlebank",
        "Paradise Beach",
        "Pearsondale",
        "Seacombe",
        "Seaspray",
        "Somerton Park",
        "Stradbroke",
        "The Heart",
        "The Honeysuckles"
    ],
    "3852": [
        "East Sale Raaf"
    ],
    "3853": [
        "Sale"
    ],
    "3854": [
        "Glengarry",
        "Glengarry North",
        "Glengarry West"
    ],
    "3856": [
        "Toongabbie"
    ],
    "3857": [
        "Cowwarr"
    ],
    "3858": [
        "Dawson",
        "Denison",
        "Glen Falloch",
        "Glenmaggie",
        "Heyfield",
        "Licola",
        "Licola North",
        "Seaton",
        "Tamboritha",
        "Winnindoo"
    ],
    "3859": [
        "Maffra West Upper",
        "Mewburn Park",
        "Newry",
        "Tinamba",
        "Tinamba West"
    ],
    "3860": [
        "Boisdale",
        "Briagolong",
        "Bushy Park",
        "Coongulla",
        "Maffra",
        "Nuntin",
        "Riverslea",
        "Valencia Creek"
    ],
    "3862": [
        "Castleburn",
        "Cobbannah",
        "Crooked River",
        "Dargo",
        "Hawkhurst",
        "Llowalong",
        "Meerlieu",
        "Munro",
        "Perry Bridge",
        "Stockdale",
        "Stratford",
        "Waterford"
    ],
    "3864": [
        "Fernbank",
        "Glenaladale",
        "The Fingerboard"
    ],
    "3865": [
        "Lindenow"
    ],
    "3869": [
        "Jumbuk",
        "Yinnar",
        "Yinnar South"
    ],
    "3870": [
        "Boolarra",
        "Boolarra South",
        "Budgeree",
        "Budgeree East",
        "Johnstones Hill",
        "Mirboo East"
    ],
    "3871": [
        "Allambee Reserve",
        "Allambee South",
        "Darlimurla",
        "Delburn",
        "Dollar",
        "Limonite",
        "Mirboo",
        "Mirboo North"
    ],
    "3873": [
        "Gormandale"
    ],
    "3874": [
        "Carrajung South",
        "Cherrilong",
        "Mcloughlins Beach",
        "Woodside",
        "Woodside Beach",
        "Woodside North"
    ],
    "3875": [
        "Bairnsdale",
        "Bengworden",
        "Broadlands",
        "Bullumwaal",
        "Calulu",
        "Clifton Creek",
        "Deptford",
        "East Bairnsdale",
        "Ellaswood",
        "Fairy Dell",
        "Flaggy Creek",
        "Forge Creek",
        "Goon Nure",
        "Granite Rock",
        "Hillside",
        "Hollands Landing",
        "Iguana Creek",
        "Lindenow South",
        "Lucknow",
        "Melwood",
        "Merrijig",
        "Mount Taylor",
        "Newlands Arm",
        "Sarsfield",
        "Tabberabbera",
        "Walpa",
        "Waterholes",
        "Woodglen",
        "Wuk Wuk",
        "Wy Yung"
    ],
    "3878": [
        "Eagle Point"
    ],
    "3880": [
        "Boole Poole",
        "Ocean Grange",
        "Paynesville",
        "Raymond Island"
    ],
    "3882": [
        "Nicholson"
    ],
    "3885": [
        "Bruthen",
        "Buchan",
        "Buchan South",
        "Butchers Ridge",
        "Gelantipy",
        "Mossiface",
        "Murrindal",
        "Suggan Buggan",
        "Tambo Upper",
        "Timbarra",
        "W Tree",
        "Wiseleigh",
        "Wulgulmerang",
        "Wulgulmerang East",
        "Wulgulmerang West",
        "Yalmy"
    ],
    "3886": [
        "Newmerella"
    ],
    "3887": [
        "Lake Tyers",
        "Nowa Nowa",
        "Wairewa"
    ],
    "3888": [
        "Bendoc",
        "Bete Bolong",
        "Bete Bolong North",
        "Bonang",
        "Brodribb River",
        "Cabanandra",
        "Cape Conran",
        "Corringle",
        "Delegate River East",
        "Dellicknora",
        "Goongerah",
        "Haydens Bog",
        "Jarrahmond",
        "Lochend",
        "Marlo",
        "Martins Creek",
        "Nurran",
        "Omeo Valley",
        "Orbost",
        "Simpsons Creek",
        "Tostaree",
        "Tubbut",
        "Waygara",
        "Wombat Creek"
    ],
    "3889": [
        "Bellbird Creek",
        "Bemm River",
        "Cabbage Tree Creek",
        "Club Terrace",
        "Combienbar",
        "Errinundra",
        "Manorina"
    ],
    "3890": [
        "Buldah",
        "Cann River",
        "Chandlers Creek",
        "Noorinbee",
        "Noorinbee North",
        "Tamboon",
        "Tonghi Creek",
        "Weeragua"
    ],
    "3891": [
        "Genoa",
        "Gipsy Point",
        "Maramingo Creek",
        "Wallagaraugh",
        "Wangarabell",
        "Wingan River",
        "Wroxham"
    ],
    "3892": [
        "Mallacoota"
    ],
    "3893": [
        "Double Bridges",
        "Stirling",
        "Tambo Crossing"
    ],
    "3895": [
        "Doctors Flat",
        "Ensay",
        "Ensay North",
        "Reedy Creek"
    ],
    "3896": [
        "Bindi",
        "Brookville",
        "Nunniong",
        "Swifts Creek",
        "Tongio"
    ],
    "3898": [
        "Anglers Rest",
        "Bingo",
        "Bingo Munjie",
        "Bundara",
        "Cassilis",
        "Cobungra",
        "Dinner Plain",
        "Glen Valley",
        "Glen Wills",
        "Hinnomunjie",
        "Omeo",
        "Shannonvale"
    ],
    "3900": [
        "Benambra",
        "Cobberas",
        "Uplands"
    ],
    "3902": [
        "Bumberrah",
        "Johnsonville"
    ],
    "3903": [
        "Swan Reach"
    ],
    "3904": [
        "Metung"
    ],
    "3909": [
        "Kalimna",
        "Kalimna West",
        "Lake Bunga",
        "Lake Tyers Beach",
        "Lakes Entrance",
        "Nungurner",
        "Nyerimilang",
        "Toorloo Arm"
    ],
    "3910": [
        "Langwarrin"
    ],
    "3911": [
        "Baxter",
        "Langwarrin South"
    ],
    "3912": [
        "Pearcedale",
        "Somerville"
    ],
    "3913": [
        "Tyabb"
    ],
    "3915": [
        "Hastings",
        "Tuerong"
    ],
    "3916": [
        "Merricks",
        "Point Leo",
        "Shoreham"
    ],
    "3918": [
        "Bittern"
    ],
    "3919": [
        "Crib Point"
    ],
    "3920": [
        "Flinders Naval Depot",
        "Hmas Cerberus"
    ],
    "3921": [
        "French Island",
        "Tankerton"
    ],
    "3922": [
        "Cowes",
        "Silverleaves",
        "Smiths Beach",
        "Summerlands",
        "Sunderland Bay",
        "Sunset Strip",
        "Surf Beach",
        "Ventnor",
        "Wimbledon Heights"
    ],
    "3923": [
        "Rhyll"
    ],
    "3925": [
        "Cape Woolamai",
        "Churchill Island",
        "Newhaven",
        "San Remo"
    ],
    "3926": [
        "Balnarring",
        "Balnarring Beach",
        "Merricks Beach",
        "Merricks North"
    ],
    "3927": [
        "Somers"
    ],
    "3928": [
        "Main Ridge"
    ],
    "3929": [
        "Flinders"
    ],
    "3930": [
        "Mount Eliza"
    ],
    "3931": [
        "Mornington"
    ],
    "3933": [
        "Moorooduc"
    ],
    "3934": [
        "Mount Martha"
    ],
    "3936": [
        "Arthurs Seat",
        "Dromana",
        "Safety Beach"
    ],
    "3937": [
        "Red Hill",
        "Red Hill South"
    ],
    "3938": [
        "Mccrae"
    ],
    "3939": [
        "Boneo",
        "Cape Schanck",
        "Fingal",
        "Rosebud"
    ],
    "3940": [
        "Rosebud West"
    ],
    "3941": [
        "Rye",
        "St Andrews Beach",
        "Tootgarook"
    ],
    "3942": [
        "Blairgowrie"
    ],
    "3943": [
        "Sorrento"
    ],
    "3944": [
        "Portsea"
    ],
    "3945": [
        "Bellview",
        "Jeetho",
        "Krowera",
        "Loch",
        "Woodleigh"
    ],
    "3946": [
        "Bena"
    ],
    "3950": [
        "Kardella South",
        "Korumburra",
        "Korumburra South",
        "Strzelecki",
        "Whitelaw"
    ],
    "3951": [
        "Arawata",
        "Fairbank",
        "Jumbunna",
        "Kardella",
        "Kongwak",
        "Moyarra",
        "Outtrim",
        "Ranceby"
    ],
    "3953": [
        "Berrys Creek",
        "Boorool",
        "Hallston",
        "Koorooman",
        "Leongatha",
        "Leongatha North",
        "Leongatha South",
        "Mardan",
        "Mount Eccles",
        "Mount Eccles South",
        "Nerrena",
        "Ruby",
        "Trida",
        "Wild Dog Valley"
    ],
    "3954": [
        "Koonwarra"
    ],
    "3956": [
        "Dumbalk",
        "Dumbalk North",
        "Meeniyan",
        "Mirboo South",
        "Tarwin",
        "Tarwin Lower",
        "Venus Bay",
        "Walkerville",
        "Walkerville South"
    ],
    "3957": [
        "Grassy Spur",
        "Stony Creek"
    ],
    "3958": [
        "Buffalo",
        "Buffalo Creek"
    ],
    "3959": [
        "Fish Creek",
        "Hoddle",
        "Sandy Point",
        "Waratah Bay",
        "Waratah North"
    ],
    "3960": [
        "Bennison",
        "Boolarong",
        "Foster",
        "Foster North",
        "Gunyah",
        "Mount Best",
        "Rumbug",
        "Shallow Inlet",
        "Tidal River",
        "Turtons Creek",
        "Wilsons Promontory",
        "Wonga",
        "Woorarra West",
        "Yanakie"
    ],
    "3962": [
        "Agnes",
        "Christies",
        "Grand Ridge",
        "Toora",
        "Toora North",
        "Wonyip",
        "Woorarra",
        "Woorarra East"
    ],
    "3964": [
        "Port Franklin"
    ],
    "3965": [
        "Port Welshpool"
    ],
    "3966": [
        "Binginwarri",
        "Hazel Park",
        "Welshpool"
    ],
    "3967": [
        "Hedley"
    ],
    "3971": [
        "Alberton",
        "Alberton West",
        "Balook",
        "Baromi",
        "Calrossie",
        "Devon North",
        "Gelliondale",
        "Hiawatha",
        "Hunterston",
        "Jack River",
        "Langsborough",
        "Macks Creek",
        "Madalya",
        "Manns Beach",
        "Port Albert",
        "Robertsons Beach",
        "Staceys Bridge",
        "Tarra Valley",
        "Tarraville",
        "Won Wron",
        "Yarram"
    ],
    "3975": [
        "Lynbrook",
        "Lyndhurst"
    ],
    "3976": [
        "Hampton Park"
    ],
    "3977": [
        "Cannons Creek",
        "Cranbourne",
        "Cranbourne East",
        "Cranbourne North",
        "Cranbourne South",
        "Cranbourne West",
        "Devon Meadows",
        "Five Ways",
        "Junction Village",
        "Skye"
    ],
    "3978": [
        "Cardinia",
        "Clyde",
        "Clyde North"
    ],
    "3979": [
        "Almurta",
        "Glen Alvie",
        "Kernot",
        "Korrine"
    ],
    "3980": [
        "Blind Bight",
        "Tooradin",
        "Warneet"
    ],
    "3981": [
        "Bayles",
        "Catani",
        "Dalmore",
        "Heath Hill",
        "Koo Wee Rup",
        "Koo Wee Rup North",
        "Yannathan"
    ],
    "3984": [
        "Adams Estate",
        "Caldermeade",
        "Corinella",
        "Coronet Bay",
        "Grantville",
        "Jam Jerrup",
        "Lang Lang",
        "Lang Lang East",
        "Monomeith",
        "Pioneer Bay",
        "Queensferry",
        "Tenby Point",
        "The Gurdies"
    ],
    "3987": [
        "Nyora"
    ],
    "3988": [
        "Mountain View",
        "Poowong",
        "Poowong East",
        "Poowong North"
    ],
    "3989": [
        "St Helier"
    ],
    "3990": [
        "Glen Forbes"
    ],
    "3991": [
        "Bass"
    ],
    "3992": [
        "Blackwood Forest",
        "Dalyston",
        "Ryanston",
        "West Creek"
    ],
    "3995": [
        "Anderson",
        "Archies Creek",
        "Cape Paterson",
        "Harmers Haven",
        "Hicksborough",
        "Kilcunda",
        "Lance Creek",
        "North Wonthaggi",
        "Powlett River",
        "South Dudley",
        "St Clair",
        "Wattle Bank",
        "Wonthaggi",
        "Woolamai"
    ],
    "3996": [
        "Inverloch",
        "Pound Creek"
    ],
    "8001": [
        "Melbourne"
    ],
    "8002": [
        "East Melbourne"
    ],
    "8003": [
        "Administrative Postcode Only"
    ],
    "8004": [
        "Administrative Postcode Only"
    ],
    "8005": [
        "World Trade Centre"
    ],
    "8006": [
        "Administrative Postcode Only"
    ],
    "8007": [
        "Administrative Postcode Only"
    ],
    "8008": [
        "Administrative Postcode Only"
    ],
    "8009": [
        "Administrative Postcode Only"
    ],
    "8010": [
        "Administrative Postcode Only"
    ],
    "8045": [
        "Melbourne"
    ],
    "8051": [
        "Melbourne"
    ],
    "8060": [
        "Melbourne"
    ],
    "8061": [
        "Melbourne"
    ],
    "8066": [
        "Melbourne"
    ],
    "8069": [
        "Melbourne"
    ],
    "8070": [
        "Melbourne"
    ],
    "8071": [
        "Melbourne"
    ],
    "8100": [
        "Melbourne"
    ],
    "8101": [
        "Melbourne"
    ],
    "8102": [
        "Melbourne"
    ],
    "8103": [
        "Melbourne"
    ],
    "8107": [
        "Melbourne"
    ],
    "8108": [
        "Melbourne"
    ],
    "8111": [
        "Melbourne"
    ],
    "8120": [
        "Melbourne"
    ],
    "8205": [
        "Melbourne"
    ],
    "8383": [
        "Melbourne"
    ],
    "8386": [
        "Melbourne"
    ],
    "8388": [
        "Melbourne"
    ],
    "8390": [
        "Melbourne"
    ],
    "8393": [
        "Melbourne"
    ],
    "8394": [
        "Melbourne"
    ],
    "8396": [
        "Melbourne"
    ],
    "8399": [
        "Melbourne"
    ],
    "8500": [
        "North Melbourne"
    ],
    "8507": [
        "Carlton"
    ],
    "8538": [
        "Brunswick"
    ],
    "8557": [
        "Fitzroy"
    ],
    "8576": [
        "Ivanhoe"
    ],
    "8622": [
        "Hawthorn"
    ],
    "8626": [
        "Camberwell"
    ],
    "8627": [
        "Camberwell"
    ],
    "8659": [
        "Administrative Postcode Only"
    ],
    "8785": [
        "Dandenong"
    ],
    "8865": [
        "South Melbourne"
    ],
    "8873": [
        "Port Melbourne"
    ]
}